ann_return,ann_vol,sharpe
0.049856852750607215,0.06683707284509595,-0.22656807973157503
0.05078275046987751,0.03647109606735218,-0.38982238164345545
0.049072479568517326,0.06686447992842723,-0.23820600187920013
0.055918592068937414,0.0731226824840296,-0.12419412995476496
0.04727078624448362,0.03540514922715526,-0.5007524086897032
0.05464505335492645,0.0431128761535382,-0.2401822278846906
0.052669617037459836,0.07039043614593454,-0.17517128231705548
0.05183413392170378,0.0416775637460322,-0.31589816906103685
0.05680409349036484,0.05255548446190941,-0.15594769211147322
0.04944177283056525,0.04221038723877558,-0.36858764363911245
0.049708081495801436,0.07269956084231566,-0.21034402858865306
0.049361753296295136,0.06694205689244094,-0.23360869727728262
0.05175935282394539,0.06243035210904746,-0.21208669707527988
0.04370566617552642,0.04210100473573766,-0.5057915828407243
0.04881695107971151,0.06201811875021047,-0.2609406613165539
0.055189855981211594,0.028343630894191268,-0.3461145840986412
0.05298487519400217,0.07154965026986307,-0.16792709343344814
0.04971646242735818,0.04554163167350019,-0.3355948614712244
0.06321652818111985,0.08618288242244429,-0.020694037710853937
0.05486838357126037,0.06251211955695402,-0.16207443453439202
0.06160132541570421,0.1004326894396393,-0.033840322341844836
0.04747457027915606,0.030294112960903216,-0.5785094200797957
0.05396229260866853,0.0429721318937193,-0.25685733764921076
0.0604354493555461,0.079678896598316,-0.057286820467219814
0.05818740582625093,0.016081131901086936,-0.4236389711652449
0.04625957705058063,0.06648255828714973,-0.2818848045599603
0.05541555150506555,0.07097373015237984,-0.13504219764632266
0.040549489198797875,0.11665899683376983,-0.20958958558543272
0.04857620612509472,0.06285055063273626,-0.26131503558141944
0.05259480598656534,0.07595378424567548,-0.1633255556208968
0.05918278456241808,0.08279903795627545,-0.07025704140009308
0.04312274669686944,0.06245360756171407,-0.35029607027123877
0.04452003898962498,0.07882051707212225,-0.25983033061855554
0.04258399822886653,0.0692788129155682,-0.3235621516559819
0.061336123528906175,0.0994237734784499,-0.036851110583606767
0.052504837342558175,0.04806149157779805,-0.2599828313113352
0.05285075467995604,0.05480873225694976,-0.22166623491831328
0.055771480830424755,0.023069412407329747,-0.40003269292819565
0.048780610051669455,0.07242915117988698,-0.22393455789710467
0.04483468974297001,0.04178679882833804,-0.48257609633774423
0.04307157455787872,0.0723878137360521,-0.3029297931566074
0.04656278451294011,0.043560006110130174,-0.42326016760526103
0.058632545346762543,0.03384421000625723,-0.18814014722341643
0.04640274963987697,0.08863188356561937,-0.2098257377815332
0.051672892697027926,0.056759155220679675,-0.2348010158212585
0.05258759724546025,0.032996206526078306,-0.37617665972388986
0.05354539164729991,0.037081361851004836,-0.30890473760714077
0.05909984087084355,0.08004274762691449,-0.07371260112980572
0.06019118201612075,0.019019956444411183,-0.2528301259749872
0.0573686693928679,0.022580788682639262,-0.33795677885242686
0.06320561353183117,0.08932587683972094,-0.02008809240561425
0.0433472001356706,0.10030279144063499,-0.2158743495902084
0.049211088323993436,0.07484355308488622,-0.2109588738805474
0.04718137570664307,0.0864328508221573,-0.20615569339509832
0.04811661149991608,0.05673452431813062,-0.29758579459330214
0.05327039290697757,0.05172397375512091,-0.226773123591672
0.042250324140956606,0.06926823801360382,-0.32842867830094813
0.04500837431383905,0.04192894527310719,-0.4767977242438145
0.053192732183866616,0.05252924005816043,-0.22477515005091195
0.04783674845914377,0.028485606651102665,-0.6025236446980092
0.045722767334627816,0.05432676491931966,-0.354838590039379
0.0565356620219005,0.08585687189537272,-0.09858661038122084
0.04693597059372333,0.05987286135249871,-0.30170646597171186
0.0507513298554787,0.0517374326384836,-0.2754035022202239
0.05060930714292195,0.055525250389406526,-0.2591738489453728
0.047246580339638806,0.035973401401860276,-0.49351517978622733
0.05879669705989006,0.08622744264714143,-0.07194116802808359
0.047347819332475546,0.03155734911340187,-0.5593682981447854
0.0567430699049501,0.034313241161643984,-0.24063393067862268
0.06148978408415236,0.06317193074870275,-0.05556606983901197
0.0442794513196902,0.048519817212353746,-0.42705331286850134
0.0481381929754786,0.07876884930691179,-0.21406694617083633
0.038685602770927,0.12091037735346088,-0.21763555622812542
0.04759107754156727,0.04943656019189642,-0.35214671876152054
0.05691536031313352,0.06946123214113206,-0.11639067487947852
0.04450275518545813,0.06599839364626155,-0.3105718742853513
0.051623611424725095,0.07332392117262947,-0.1824287130496245
0.0584446351246883,0.03412360239330678,-0.19210647222280114
0.05537772934372332,0.06871362654035312,-0.14003438823922146
0.05529894034584481,0.056779381401094196,-0.17085532485157093
0.044748737335091014,0.06687662595507024,-0.30281525683598937
0.06021723547424948,0.05471881776442622,-0.08740621090062897
0.04876725973753388,0.0447069218628771,-0.36309232633493294
0.05092751787386562,0.05015518504168322,-0.28057880983668904
0.05017241848109804,0.04230836568045889,-0.35046453060583305
0.054576764947451444,0.05186553771037856,-0.20096648974802428
0.05369124027308805,0.04635416360719477,-0.2439642708849714
0.05713730753960615,0.043063740339875256,-0.18258266463476053
0.047361211427448854,0.055830265988212835,-0.31593595803887337
0.05889459955681502,0.08307632454391897,-0.0734914607344878
0.04725512328714096,0.07709093085879368,-0.23018111877987402
0.06064723024259944,0.05400705077314937,-0.08059632390748185
0.05021439358958756,0.056954289154947844,-0.25960479236580825
0.041752892587640734,0.07438077936566705,-0.3125418637800635
0.04749269049088204,0.03306107153962324,-0.5295445275612344
0.05007669628178141,0.04290655224601725,-0.34780943555314053
0.0561061838302982,0.015666656779164335,-0.5676907520901342
0.04204980379969034,0.05170289660713284,-0.4438860819481339
0.050810783402301246,0.033505943982330685,-0.4234835647424654
0.0575806351198366,0.03249018757213276,-0.22835709592908252
0.04484284857370698,0.04435038791219062,-0.45449774793857917
0.059868894431788465,0.0898532668005764,-0.057105386937123824
0.04533055546532343,0.04024850405441509,-0.48870001498897747
0.05704189241671209,0.1024445353677546,-0.0776821091990896
0.04336209019638791,0.0374649103869485,-0.5775513561924868
0.05719889802715888,0.041403991926290476,-0.1884142472718343
0.04995386414021988,0.07442905140651543,-0.20215407257579268
0.05771840250336915,0.033912237774427145,-0.21471887361328393
0.05748644063694705,0.07422354943866319,-0.10122878008228375
0.04865880895625066,0.06997639727605733,-0.233524326485161
0.049679565186497354,0.04304606177395773,-0.35590793169309853
0.0632405956194702,0.1103684022168088,-0.015941196440205925
0.04811965094703481,0.05064354951536333,-0.33331686294706364
0.05922331232755695,0.06289808382922087,-0.09184202953030743
0.041942381847345944,0.10753391779560917,-0.2144218180209886
0.05165317496331823,0.04550004850568014,-0.29333650127901695
0.061394369177827306,0.09977152520565406,-0.03613887644536445
0.05486265853722017,0.02176895278154546,-0.46567887598955693
0.05358701126500247,0.061083297527562426,-0.1868430356080185
0.061268772036307304,0.08184185695284218,-0.04559070508190762
0.05517726277350861,0.03231625880359233,-0.3039565095140122
0.06265989002136393,0.044374615523596374,-0.05273532967044425
0.05186243124852081,0.03983192261569033,-0.3298251223832246
0.04936482747670502,0.08014848282101021,-0.19507758566324798
0.04559565036932159,0.035722181576528414,-0.5432016963775869
0.05608925223115635,0.09352785870087815,-0.09527372798453673
0.06347272956113509,0.07908985108811889,-0.019310574212148757
0.046474688569049113,0.06601960302556487,-0.2806031933239178
0.04784013693889336,0.09101424759723609,-0.18854040454241752
0.05883336027886199,0.05665678087023058,-0.1088420419660337
0.046404627034977865,0.06468885284457489,-0.28745869106228294
0.06414031253036284,0.10407430868172778,-0.008260323614218683
0.05307714799285294,0.04875312386641469,-0.24455565226581394
0.04840620900456493,0.054799356651524904,-0.30280995999564014
0.048283938356871024,0.05882547153413303,-0.2841636659627898
0.05179624318314573,0.0817520227042655,-0.16150984868739338
0.053428050546897476,0.036871043597372206,-0.3138492519893648
0.04591445643948213,0.0332004016943325,-0.574858814547894
0.04756534423684255,0.09038480318680087,-0.19289366296593854
0.04996259351108017,0.04616676511488845,-0.325719301568963
0.05401273509992378,0.043527183931555344,-0.25242305859605424
0.05579184347039023,0.07461578123361423,-0.1234076274130267
0.04303056492021599,0.04400720228956603,-0.4992236256062317
0.04546529984544003,0.07799286854925555,-0.25046777375835383
0.06264742034571426,0.10349875698296158,-0.02273051119515412
0.045757419442537514,0.04146752818096095,-0.4640397294357507
0.053758884597734986,0.05568151471012527,-0.20188235648375605
0.04576698193946032,0.04679726090208629,-0.4109859784482012
0.062772770424627,0.0937218876717568,-0.02376424153100124
0.05436783601301759,0.04011359858952733,-0.2650513631494086
0.04898157563077559,0.06316517362468799,-0.2535958258327915
0.04892232498155366,0.03188000605494431,-0.5043184430623041
0.048810357038870676,0.08064638818782627,-0.20074851862458465
0.05155338995476347,0.031116706154969722,-0.43213475032571674
0.055333901123279995,0.0749003793989373,-0.1290527358377727
0.05010984430866758,0.02627126220818337,-0.5667849368384825
0.048367336729482936,0.0834387697485895,-0.19933974722581804
0.04186701316570074,0.04125356764576167,-0.5607511823689729
0.057086348632540404,0.04356929737771224,-0.18163366966546046
0.05143174489668697,0.07472129700956517,-0.1815848445668193
0.044157793997347136,0.08820343575454484,-0.2362969857620193
0.04961151382144585,0.03527248893844259,-0.43627446323422414
0.05542108581043129,0.01203493171870499,-0.7959259274135243
0.05655888151685563,0.02485301057725956,-0.33964168875653117
0.04908433019838378,0.05748907476603936,-0.2768468594491648
0.05219158637322213,0.07669504398970631,-0.16700444983768395
0.042290688945293614,0.1012973635825527,-0.22418462091759517
0.055356626173194236,0.05154674600731971,-0.1870801665237296
0.058075008229292346,0.03341520721100583,-0.20724072506804025
0.05392363965491937,0.060520329527773545,-0.18301883733130617
0.0575780200375844,0.07479371646754635,-0.099232667033414
0.06419836913166817,0.10221662232677892,-0.00784247072622964
0.05208176026545898,0.03314904664513438,-0.38970169709050034
0.055221163128652065,0.08853045080950875,-0.1104573260604884
0.043392437470945566,0.04753737337668655,-0.4545384188107308
0.04764102494508384,0.04105699999763846,-0.42280183783312525
0.06310802391220949,0.09186525885081849,-0.020595120630563134
0.060396660936606866,0.08262156516673058,-0.0557159508429014
0.03987676215029187,0.10372761021101802,-0.24220395899027009
0.060726485497831606,0.09664942425099728,-0.044216657629228454
0.061470472638991136,0.07108661593011904,-0.04965108149864007
0.04662101449820298,0.04142770470515163,-0.4436399658779926
0.05809119310494688,0.024538892088432115,-0.2815451842795302
0.046643549614095815,0.03945339295705188,-0.46526924581332274
0.03906247085139766,0.10341445696840419,-0.2508114427030926
0.04204301539349086,0.05021262865899684,-0.45719543508495103
0.056978662025700094,0.01568257262669898,-0.5114810028454061
0.05106375432996806,0.03158558207886834,-0.4412217458976539
0.04282084356830219,0.04233710021364911,-0.5238704663232332
0.05474448192628989,0.07471215802390534,-0.13726705726300528
0.058922112937841345,0.05856954909033892,-0.10377213341328605
0.04502155833773104,0.07862453163554732,-0.2540993408377445
0.05305849335273799,0.08111747389556374,-0.1472125064278547
0.06026405159080871,0.012272649987023543,-0.3858945227150485
0.05518918997896659,0.05981499613297726,-0.16401923690210704
0.0623766032655922,0.06359296086285555,-0.04125294213089743
0.04512950614558205,0.037797868469441206,-0.5257040848872955
0.04989999888841988,0.05664496905711677,-0.26657267826123004
0.053661412722491815,0.0835699468728764,-0.13567780885102199
0.04035393637397339,0.11488551608505944,-0.21452716117651469
0.05371553253848169,0.06021036998634689,-0.18741734129979834
0.054033496645506156,0.016136672584190354,-0.679601280702572
0.05479417742022256,0.06459317142690463,-0.15800157128569897
0.051519444965919134,0.04730572071401269,-0.2849666981204605
0.049756026932399465,0.0418048308046579,-0.3646462089233489
0.04564053358742268,0.06583351742504179,-0.29406702193331935
0.041170176124557124,0.0885011359304994,-0.2692600905615112
0.06334681664922895,0.08647529883285525,-0.019117405468195348
0.05555372349299532,0.07494292062013959,-0.12604628200820564
0.05545772878087188,0.07092370584349245,-0.1345427612057537
0.04322472276129448,0.08877272380170469,-0.24529243112271584
0.04668298830623058,0.07855796984908345,-0.23316554296092382
0.06201359880727543,0.062292024056030924,-0.047941951445314095
0.04886138190268002,0.05149398448100696,-0.3134078331668536
0.049643714932670856,0.030097945715534983,-0.5102104048052368
0.05087158389961425,0.04160285031695744,-0.33960211843050014
0.05200376643774009,0.045857763382695,-0.28340312748798835
0.04486394902992906,0.07312214500081894,-0.2753755510023048
0.05485215998548851,0.019501522219399863,-0.5203614312946583
0.06145852097855571,0.04484969805860329,-0.07896327455352728
0.064247361546806,0.10400179090105673,-0.0072367835849098715
0.04464647425745219,0.058765800809525336,-0.34634984059042573
0.06128757785254335,0.0656562256088922,-0.05654333786366569
0.05589130678735459,0.024543648477792356,-0.3711222160343096
0.056234611223691416,0.0728865370537875,-0.12026073854819115
0.04627677887248435,0.033241016675941766,-0.5632565727469644
0.05469848088497949,0.0301113421713311,-0.34211424573523486
0.05212198167540035,0.04800325794830459,-0.26827383963122203
0.046792074161688936,0.03831304843124458,-0.47524085354331574
0.055338371637889905,0.03061825874230296,-0.3155512024190111
0.05415559460761573,0.043447572868402576,-0.24959749593448316
0.04854376046683825,0.03757452672912636,-0.4379626562376765
0.05881992911839208,0.0374904420074955,-0.1648439055579108
0.06004679151079317,0.042649597676948516,-0.11613728520313739
0.04796975054918639,0.0612020786865833,-0.27826259853077473
0.04587219654341355,0.031890785343472346,-0.5997909192443792
0.04989532651661091,0.06738913209393721,-0.22414108943165945
0.04237858923028941,0.07105288045170013,-0.3183742956781046
0.05706584622016819,0.0885006390108005,-0.08965080781917897
0.05903761613730636,0.07783112550630718,-0.07660667662078802
0.04987028761712024,0.053018271373779235,-0.28536789281972563
0.0383800264639859,0.12894491094142782,-0.2064445455168526
0.050369356120647926,0.03283171232185187,-0.44562536781288525
0.05506896392053657,0.05975126075987012,-0.1662063018113464
0.04751004942896818,0.06072681019184605,-0.28801036174595984
0.04411942961827114,0.09932750534684957,-0.21021941816432768
0.05828418188241498,0.07999878382976723,-0.08394900267328932
0.06374382540215232,0.09688645095142888,-0.012965431033049526
0.05122899333301454,0.06151588925105298,-0.22386097046869466
0.04821555383925946,0.07324416117118579,-0.22915746309814428
0.0561306897569493,0.03216594007069719,-0.2757360805733312
0.054517842587312355,0.034703148179329776,-0.3020520604793755
0.052784854497978845,0.036743543128044426,-0.33244332097897156
0.06025061951410628,0.09665982999112357,-0.04913499730270443
0.05276040726885206,0.042803764133490095,-0.28594664462164815
0.058341488151407585,0.0518772419708789,-0.12835130773394138
0.053284411901266815,0.051296348017557496,-0.2283902958300896
0.05161375095454537,0.05287006186584533,-0.2531914768592753
0.05008856183721041,0.023581158688476375,-0.632345439839498
0.04898356520146336,0.07886045012980182,-0.2030984450656076
0.05764374028645659,0.03654869740513397,-0.20127282874136246
0.045844922999436,0.06984444098208806,-0.27425342276669396
0.049451048928583374,0.07020390169644074,-0.2214827195595162
0.05410679093726366,0.03687399584934983,-0.2954171038918858
0.048783665527859656,0.05262277947468532,-0.3081618765489452
0.04285719648610257,0.08875039562324538,-0.24949526543967113
0.04886089850855048,0.02635974550917926,-0.6122631755238076
0.04923298493937281,0.06517763389140196,-0.24190836824328368
0.05304937172354885,0.036921164823223336,-0.3236796112384361
0.06320099981393697,0.08242526037160287,-0.021825835647379114
0.04364744063689831,0.09953506686501229,-0.21452298205676257
0.06283770024388356,0.09460118738851186,-0.02285700439716705
0.05317605386236135,0.04894146813771781,-0.24159361350515496
0.046780962745333284,0.038161620716788074,-0.4774178064888055
0.05052020612726814,0.034879410878380826,-0.4151387167409648
0.0523646586453195,0.05642937236391784,-0.2239142635362681
0.05080656276642915,0.06918859533185272,-0.20514128326343614
0.036985460602182905,0.13489208888905077,-0.20768111479731888
0.06137945181467071,0.11126316257562056,-0.03254040332413319
0.04696229476586304,0.08278269935876724,-0.21789220904677647
0.0612655010572289,0.033313356584581295,-0.11210215137851255
0.05020943948369394,0.05563129983341826,-0.2658676061964173
0.05295050678099284,0.07943956193338252,-0.15168126467152204
0.05133367206692,0.04122014939503757,-0.331544842356279
0.046282350164097076,0.03677775876920746,-0.5089393824502014
0.0480916291233571,0.03908223789117345,-0.4326356879492201
0.05423324638065941,0.054330430403710224,-0.1981716975061057
0.048543476037042836,0.03572906830406326,-0.46059202615942996
0.04886932583478932,0.028463183164701852,-0.5667206676031539
0.05876502708885478,0.026620812374550763,-0.23421422394704203
0.065842081098121,0.10892585062588057,0.007730773671102414
0.051537877329589525,0.035681747517725924,-0.3772831659582475
0.05929608063019266,0.08028005482986013,-0.07105026749042241
0.056254803067716005,0.026585085092046216,-0.3289512484915989
0.054259621634970445,0.017257036187355267,-0.6223767655363291
0.05680768065335894,0.0592828073167355,-0.13819047574571208
0.040658268055956626,0.12238070204174296,-0.19890171847306962
0.050696550218228595,0.042454304706538694,-0.33691400390708626
0.04800802020025658,0.03729383764387818,-0.45562433027142946
0.04728217389792265,0.055913763538916264,-0.31687772349192084
0.048372722227921106,0.04236218738313395,-0.3925028144013845
0.03928545301993159,0.10381093700969653,-0.24770556668481405
0.042648868597438265,0.04660821878169529,-0.4795534347118157
0.05372763291239214,0.047158691467780095,-0.2390305315258674
0.0516819673128147,0.04745087221260052,-0.2806699237795826
0.049844105471272084,0.05213231653267947,-0.2907197595799786
0.05983688673700393,0.08774874617848517,-0.05883973831938353
0.05989449809204455,0.07978168399983694,-0.06399340866214213
0.049038594410186945,0.029887387823332588,-0.5340515432182485
0.04908130665026874,0.031803940906391784,-0.5005258120867659
0.058214915990745845,0.05444247725658203,-0.12462849508623064
0.05218829521025036,0.03229160371599582,-0.39675034112360585
0.050663659412586264,0.05787203858871366,-0.2477248242333327
0.04599041425151646,0.08111644754497388,-0.23434933757354132
0.054260310350018236,0.08050564906038975,-0.13340293228274697
0.05760771216514443,0.07616118722354351,-0.0970610898325179
0.059842380731717944,0.10441676660107861,-0.04939455066624119
0.04218654453440352,0.04268908550269693,-0.5344095615296144
0.05098164225720012,0.07071797970073446,-0.19822904729635946
0.05247224544346979,0.023007147409237937,-0.5445157686736953
0.05081644593158661,0.07410389099024763,-0.19140093561726748
0.06147376725879155,0.0812926146970022,-0.043377036823721314
0.06217953529974158,0.0805009982938927,-0.0350363940824868
0.051479988703828944,0.04215030427249269,-0.32075714587413373
0.05577459528518118,0.04579200744342321,-0.20146320788004246
0.05550374717891838,0.02720774468975458,-0.34902756290041037
0.04434458437465223,0.08503111726215656,-0.2429159617139424
0.044049135981719376,0.05974302170100217,-0.3506830324574825
0.05196445717279026,0.06664314736085014,-0.19560214880948942
0.0527189066542533,0.03299597567348812,-0.37219973330306505
0.058040419715678186,0.027628528538414965,-0.2518983330815157
0.04518508480408043,0.046847912665062524,-0.4229626053477687
0.05114155466735975,0.042729569338076014,-0.32432916004821727
0.046960167258961724,0.03823069667088933,-0.47186774796010095
0.04829828829852132,0.04203671214830301,-0.3973125120384306
0.04890408086744479,0.09816626674325792,-0.1639658883499375
0.0590032253349354,0.05037777679997066,-0.1190361116743067
0.05356527927394105,0.06996865248378634,-0.16342633908390178
0.06591649656873963,0.11424313091832564,0.008022334133986984
0.04898278021706218,0.04057428074366056,-0.39476287661464954
0.053487828016485606,0.06358101495744277,-0.1810630420294476
0.0550205066891415,0.05138673225910888,-0.19420369562591766
0.04514030141759636,0.07929636098239055,-0.25044905385776667
0.04891621734342063,0.07702331586216093,-0.20881706372343825
0.047200475052038386,0.04870628882983719,-0.3654461338688102
0.058781813591220096,0.008716889933689288,-0.7133491940454221
0.047857668499185164,0.03178581402149939,-0.5393076134284324
0.062187379485565276,0.07526895181612635,-0.03736760572015994
0.046631919805427566,0.050723093809879924,-0.3621246027188246
0.051086220155685556,0.04192450007897863,-0.33187706038481674
0.05260632753014175,0.05656217459499407,-0.2191159119783052
0.047156901671220136,0.06899227640702792,-0.2586245773876549
0.05895610330427323,0.0802815964832055,-0.07528371333511195
0.04589772149778889,0.09515734999822537,-0.20074412016063248
0.04768489100668592,0.03938364494967573,-0.4396522722932136
0.04239456188500148,0.09187568126439687,-0.24604376048048365
0.04454193866655818,0.08381792187188572,-0.24407741061287136
0.04809180972798571,0.07033392654855555,-0.24039878194972655
0.0521191888506114,0.04282104778119787,-0.3008056041787093
0.06467341601988982,0.10225559741104992,-0.0031938005192749244
0.05959285640385037,0.07218102476606897,-0.07491087323397819
0.050427641434206756,0.05031674881648826,-0.28961248309068094
0.056641932114193105,0.05715100382481218,-0.14624533825210312
0.04373472338725998,0.05888814718212081,-0.3611130190082875
0.06405600059893468,0.08610452810010202,-0.010963411819269958
0.04673199345409101,0.09000662371862633,-0.20296291307423567
0.062051241108085714,0.10297061939592957,-0.028636895739901247
0.051402881567783235,0.03211433381339784,-0.4233971818074632
0.05070323842739936,0.048564266052414345,-0.29438850279690143
0.053268594601717234,0.03173155888458183,-0.36970781804177244
0.05277119736950747,0.042534104119671234,-0.2875058234701818
0.05547727599950001,0.048892091003090464,-0.19477023389934503
0.04805696490825942,0.08538817497742607,-0.19842367044640297
0.04858090938070048,0.03743300201514947,-0.4386260715251898
0.04968067006657491,0.024451241606804352,-0.626525645600017
0.049352738779481584,0.03225404303266536,-0.48512557649506505
0.05470858886549082,0.03248415061683984,-0.31681330553781195
0.05905507937964048,0.09677207712230972,-0.06143218991616524
0.040389196559660175,0.09150487147333881,-0.2689562101347852
0.045115491553076,0.05046064195630519,-0.39405975976568763
0.04730804222611665,0.038623283690064,-0.458064568405267
0.053382645657688056,0.0600900379364204,-0.19333245145566302
0.05309993293731393,0.06006934152005897,-0.19810550210063946
0.0604185225306699,0.016940622669606015,-0.2704432746471564
0.04551882317460378,0.05677578774683074,-0.34312472972219876
0.053809946013707775,0.0412962723979016,-0.2709700739687302
0.04527026875040158,0.07650104319783861,-0.2579014667626892
0.04487820187328001,0.0800937946791585,-0.2512279285470783
0.06440488697467496,0.09637021865275634,-0.006175279392790096
0.051797086880512634,0.09043955444467308,-0.145986047814558
0.05557897158062521,0.07239212827181768,-0.13013885134031078
0.05361409847227246,0.021466774471856406,-0.5303964758494483
0.05467423465413149,0.0530855615035291,-0.19451174770341392
0.05000426482185679,0.05561174334663346,-0.2696505140051683
0.05799458092813037,0.06255718393227769,-0.11198424595732229
0.05598118964795787,0.06786325600015199,-0.1328968116711337
0.05695825110783392,0.030499573423980183,-0.2636675857847667
0.05000275820674066,0.07484600943572624,-0.2003746346174698
0.049632222468073556,0.038273809359460974,-0.40152202744166243
0.038076583252606634,0.13139143607466125,-0.20490998159190932
0.04371144492185142,0.0788502464948057,-0.26998717219674107
0.06128457341479755,0.03199730967438872,-0.11611684304122452
0.05226797864147036,0.06222302900489814,-0.20461911871129557
0.04899864866326715,0.04692881021673948,-0.34097074404467176
0.05203142413107698,0.05695969344406719,-0.2276798747461272
0.05999449985931945,0.09367452116885397,-0.05343502243964331
0.04572922753452706,0.07648195211758477,-0.2519649660072183
0.06129526112845677,0.09259251074749812,-0.04001121517966112
0.06080370692361775,0.07539288715228715,-0.05565900491257352
0.05882378951739391,0.08035721185571396,-0.07685944223271261
0.04516938355248242,0.04194019191248128,-0.47283084657550284
0.04522614020261796,0.08656051919228115,-0.2284397087944608
0.05200791553605717,0.04985538519624722,-0.26059540835562106
0.06272934463689306,0.07832547095111439,-0.028989999492299735
0.05792259776876716,0.04235673672051578,-0.16709035632116706
0.05186537960112344,0.06827460626963353,-0.19237929175313961
0.05759146931323341,0.030861413571381946,-0.2400580475560778
0.04964572178240141,0.054625071944023135,-0.2810848145579165
0.0540871426870083,0.0806667620377579,-0.13528319517626963
0.06505764554528498,0.12018916118034789,0.0004796234928246134
0.05716301016357958,0.06771513725475432,-0.11573468140419639
0.05093177594446592,0.033178150577650785,-0.42402074288645286
0.045657422037216795,0.03361332331753629,-0.5754437840037095
0.051658967240060485,0.028709204955512786,-0.4646953052379025
0.05542736485368966,0.06008704796446798,-0.1593127882063876
0.058207222295594906,0.019435864693829137,-0.3494970669641364
0.04841157011592911,0.027444753664801924,-0.6044299062281497
0.05194067598618038,0.062105245782911433,-0.21027730989856191
0.04266444980214444,0.08654065393584756,-0.25809315254785187
0.05185697247414693,0.04807061733397737,-0.2734108329531123
0.050202679187759405,0.06015133401201572,-0.24600154020332635
0.0470371563843015,0.0877406028394505,-0.2047266947614581
0.052382114510601506,0.03633085192250034,-0.3473049714417519
0.05381899142137693,0.07461439183990165,-0.149850562376946
0.04907093184724894,0.050437791590902586,-0.31581613013413873
0.042502011261458396,0.07287421339930038,-0.3087235894440213
0.058843764070722664,0.07437545114094163,-0.08277241797984201
0.051499527555745044,0.056403104869631716,-0.23935690199075932
0.05678348635478763,0.06620773160160189,-0.12410202625056518
0.0561405084601202,0.06626307868637245,-0.13370177956584792
0.06052877132403117,0.07602402706085717,-0.05881336268058538
0.04100920596047218,0.10728420210999987,-0.22361907501469558
0.05319159759763398,0.07454210479775153,-0.15841251644831755
0.058278789197356115,0.00778474522513133,-0.8633822441543678
0.05874867313939199,0.07280292910292833,-0.08586641962948939
0.05552290783975533,0.060026891716894425,-0.15788077458585725
0.04878861267281291,0.04923744484764435,-0.32924915940195637
0.04812076692571382,0.05733851208899067,-0.2943786376613545
0.05384550637956581,0.04919488783956245,-0.22674090968175287
0.05210238231978853,0.06026124185648585,-0.2140284083578559
0.047537023825590635,0.04812410861671169,-0.3628737586288535
0.04134227741918242,0.07441335884451536,-0.31792305774356633
0.046795970256138415,0.074129856168984,-0.24556947341654453
0.053771032566121243,0.05796379290712368,-0.19372382086643491
0.05872232639747318,0.02720873153783324,-0.23072275875109557
0.04578032367653037,0.03320531564244951,-0.5788132397362094
0.04826437109824357,0.050278607244804964,-0.33285784588803696
0.05819928533324818,0.02306759322634543,-0.2948168280939142
0.047791339761283774,0.07039844475087727,-0.24444659679078753
0.054676506530863374,0.08432142837697684,-0.12243024896332709
0.061686479345179304,0.07587864948016683,-0.04366868252823591
0.06203157610946316,0.049370077182453294,-0.060125972247656444
0.051476832569548055,0.031212346299425067,-0.43326340483096093
0.05237493617850744,0.052212649890394786,-0.24180086335390363
0.04710317393671897,0.047559753376026505,-0.3763019106045723
0.04554196382130791,0.0738089219663337,-0.26362715590897595
0.06065390758781182,0.08883867466060019,-0.04892117570182153
0.057911185767393195,0.08515793958205672,-0.08324313936431198
0.05557333312145342,0.052973352523676895,-0.1779511099346271
0.06483211437035721,0.11734597796163733,-0.001430689253769515
0.048800827696610316,0.08379749892970238,-0.19331331495918694
0.0455653210998965,0.052059143522135205,-0.3733192208942125
0.05704727945084145,0.020489199651726277,-0.38814207896541797
0.059266388250443024,0.02158295362472473,-0.26565463880665247
0.04357327847849062,0.05150381740428564,-0.416022007714839
0.053511251110380985,0.0649508838389288,-0.17688364207806437
0.05138084712357048,0.042569117466162446,-0.3199303553158033
0.060450504442247546,0.08388112832113649,-0.05423741488472643
0.05430297689373856,0.06029326193781339,-0.17741655970271403
0.05828308562985114,0.06101146219645756,-0.11009266338381343
0.05535994932598975,0.04328686943421338,-0.2227014981681924
0.04486653235545224,0.047917246947789906,-0.4201716276914858
0.05030736621556109,0.05723119387709965,-0.2567242230869831
0.04217916898062619,0.0538617743805338,-0.4236925218642908
0.06306211173817451,0.10933857927471226,-0.017723737354923576
0.06007448139857078,0.05528809621374222,-0.08908822945154969
0.05531566942908245,0.06486650450515861,-0.1492963224208789
0.04977814393356561,0.05363114779978893,-0.28382491687963274
0.05561757559688514,0.021828861343908466,-0.429817398869186
0.04343442527267676,0.0966550320050544,-0.22311900663584186
0.05587320574258437,0.0464522972663561,-0.19647670394174183
0.06144329778382448,0.04894958282094653,-0.07266052152447636
0.039661206453305405,0.0823343253567638,-0.307754917974961
0.04408139719247194,0.07738365996807516,-0.2703232544978887
0.050208783520520786,0.05217960947745145,-0.28346736642157117
0.05503374402299772,0.061573112378828745,-0.1618605198269801
0.04647882227658518,0.04519392017221666,-0.4098156931914233
0.05074831696767517,0.04802406289880571,-0.296761293653046
0.05778616524196404,0.053790551346010705,-0.13410970100738642
0.048916087795356555,0.0674109194541865,-0.2385950575199367
0.05547994338297047,0.06143850272614909,-0.1549526143152193
0.043847704247393794,0.07118375135231751,-0.29715061865614306
0.05751955609198293,0.05845423077054105,-0.12797095795137833
0.04480428343634349,0.037676965438417864,-0.5360229075949853
0.050728699961287815,0.04252899726988382,-0.3355663419042838
0.0421830901718374,0.07258496079082206,-0.31434762214609707
0.04345158344638116,0.10327070028242046,-0.20865953745533938
0.060308248111491325,0.07853529003237888,-0.05974068328485628
0.05908017701064929,0.06097196105016011,-0.09709090682651031
0.0479575215579071,0.0469123622197845,-0.36328331458238794
0.06463173981595885,0.10736760387250752,-0.00342990036807042
0.049577000070137545,0.03863625513740743,-0.39918464859007485
0.04636745421414496,0.07289684549828455,-0.2556015374669884
0.0486713462099042,0.07685625327121318,-0.2124570623092261
0.05353644173367319,0.017684225706428174,-0.6482363693288441
0.05379700389896243,0.033286204515725164,-0.3365657413943071
0.04850784940688679,0.06962946370953138,-0.23685591866558714
0.05038117431804869,0.05550467860843926,-0.2633800617976838
0.05005947897375224,0.06088761080687957,-0.24537867110002712
0.04620077768267229,0.051557530305529516,-0.36462612165330005
0.05402113486896081,0.08167145232975646,-0.13442720580884188
0.053906023995638666,0.02890458057427619,-0.3838137687503581
0.05128962520477203,0.029243774370384543,-0.4688305490796223
0.055016520517414305,0.03281699253383916,-0.3042167703908656
0.046196050461148795,0.0550873068335825,-0.34134813661625374
0.056232257868752085,0.02751828362560665,-0.318615152403228
0.06760591777950012,0.13132182539159043,0.019843752336898248
0.05957822337252347,0.08507939289844613,-0.06372608504562513
0.0480491170033699,0.04950376524230633,-0.3424160346927255
0.051267922762997596,0.09240568132891819,-0.14860641726262536
0.055870266446787366,0.028743427246191108,-0.3176285651330062
0.060027494437038614,0.060036643136689015,-0.08282451021853748
0.04056298363109687,0.11029600384223158,-0.2215584927615153
0.0554857995234587,0.060142508377394786,-0.15819427445293113
0.04889882882490646,0.053592618442695,-0.30043635938986724
0.045690038440011564,0.0679905268194946,-0.28400958873658533
0.054452145332855355,0.06318550412300278,-0.1669347236133657
0.05105236635742872,0.03692977779916422,-0.3776798690320563
0.04797707120626821,0.0493290740902218,-0.3450891610614306
0.04700067218041662,0.06742128393542188,-0.2669680369306476
0.05625730219472544,0.05948310993237076,-0.1469778196737622
0.05807939680601692,0.05657393753582354,-0.12232846952893892
0.05484303131945295,0.03903214579199111,-0.26022060725729124
0.05141984605231493,0.021611015466275484,-0.6283903673511888
0.060428205585710236,0.09299709758037505,-0.04916061396796259
0.04656583702764555,0.0951424602215114,-0.19375327198220324
0.06124453192228311,0.0351638127855749,-0.10679922853125537
0.052782915026850966,0.07593759383970176,-0.16088322470341018
0.04239084980802526,0.05486268650824677,-0.41210432136924635
0.06138151497419879,0.09686461011676138,-0.03735610995016097
0.054392550807847606,0.03915828666593439,-0.270886448190296
0.04941147223874888,0.0254906756672323,-0.6115384293751707
0.052527298990628864,0.0327675107100513,-0.3806423112130147
0.04601392286215979,0.08906182203376516,-0.2131786292295054
0.06380563005632531,0.061349663200081575,-0.01946823961819413
0.05841603085275643,0.08111730136899609,-0.08116602791423777
0.05615598399475647,0.05847395749180415,-0.15124709160455113
0.048792558721758576,0.06870026831403855,-0.23591525442309688
0.050628778019817196,0.05507943361248268,-0.2609181147593691
0.055814745999232813,0.08051108037692464,-0.11408683075379253
0.04560764942716597,0.08938802875703361,-0.216945723521262
0.04701867651123118,0.03914320428769937,-0.45937280342732184
0.0520183055243076,0.05501177842556005,-0.2359802727203005
0.0499016204709977,0.08346701274401803,-0.18089037851764236
0.05880166663168873,0.021288760634110136,-0.29115520038211745
0.052283252272436645,0.05514617743727422,-0.23060071102893698
0.0625383251504373,0.08816940179517156,-0.02791983159057248
0.05745970753584945,0.08000810310438862,-0.0942441099286224
0.04918279519676659,0.0415951796710167,-0.38026533190466677
0.03943755742829697,0.12482368104898275,-0.20478840518789002
0.055011361625962214,0.07037565026428909,-0.14193315921808755
0.05755206018305183,0.06711771825198944,-0.11096831076684292
0.050255285403112304,0.0612901699677033,-0.2405722582374529
0.039362250759452946,0.12467147033754597,-0.20564247113740833
0.04799119954810535,0.08700484039544434,-0.19549257690248287
0.05380970267489693,0.015102906570089293,-0.7409366715718821
0.05804991900647806,0.01445991343185387,-0.48064471660055363
0.0548143596418703,0.0762796936796122,-0.1335301686043882
0.0598887694262945,0.04978068767505894,-0.10267496919827251
0.05411352469282209,0.03585979805855386,-0.30358440082127275
0.04787699541023491,0.04088457935914847,-0.41881327527792195
0.046154057537024853,0.06506025451383736,-0.28966905530575343
0.04727299792666407,0.08343201800344212,-0.2124724116418301
0.05216010093742761,0.055859344038282153,-0.22986125747865585
0.04443362498716399,0.04385933597812076,-0.4689166982166706
0.042435427334269256,0.11128636798721235,-0.20276133612630423
0.04960114114577537,0.03994757507810105,-0.38547668598453083
0.060534786469851304,0.056782059274259104,-0.07863775261445836
0.05367739386762233,0.04125273455320229,-0.2744692262224527
0.050794562701846215,0.05308127376147871,-0.2676167373448135
0.05068048157667941,0.025776770007647408,-0.5555202773300262
0.06098381062396117,0.05268994951648129,-0.0762230636562402
0.05202340982348813,0.06382428536875918,-0.20331743789275036
0.05010559102807256,0.02641907965179939,-0.5637747101047477
0.05373765312167187,0.034832910187249204,-0.3233248906791251
0.05293103465719843,0.07527684690244386,-0.16032772146318144
0.051017916678879976,0.05262595634248738,-0.26568796641195935
0.062283641071674604,0.09320269052661,-0.029144640707017562
0.045618265798241894,0.07891580411657488,-0.2456001610669429
0.04588233860563779,0.053104218139544815,-0.36000269025947623
0.05681794940445658,0.06348255398026689,-0.12888660084606485
0.05785880061439058,0.06885358144132629,-0.10371572888615542
0.05319844738670738,0.08175851065356042,-0.14434647254400165
0.05550272033398912,0.05563810036244964,-0.17069741066178873
0.06340466870495018,0.11020146382124459,-0.014476498221816507
0.05504482369523291,0.05550633333951895,-0.179352079408194
0.0575906148948877,0.07418664126294605,-0.09987492328774648
0.039124065688907465,0.11663797050910354,-0.22184829003924525
0.05192441298730786,0.04257063456042789,-0.3071503901153199
0.04410426046582464,0.038479778543028906,-0.5430316993848938
0.04745885944935607,0.059465038366320624,-0.2949824137434468
0.052801165628467664,0.06479794292145824,-0.1882595931528039
0.044512979577446474,0.08634704842077601,-0.23726370266553473
0.052012113620197135,0.027859933870145674,-0.46618511157775966
0.05000436749813265,0.06886048941356573,-0.21776831140141692
0.04764989233039743,0.06224776449770998,-0.278726598611278
0.05253009719704589,0.07570231599406997,-0.1647228706177354
0.04143266132664527,0.04919363076299785,-0.4790729675330544
0.05242700439437546,0.06245322126846134,-0.2013186085562869
0.05689390069354426,0.0934246493461147,-0.08676617320151445
0.05188949618597287,0.0631326324124898,-0.20766604073099645
0.04974023917357643,0.0634281390158607,-0.2405834549648028
0.0460748663293492,0.08746076693381519,-0.21638426387196164
0.05657361045528717,0.0767431478283112,-0.10979989462465421
0.0589283433260109,0.07240213229323963,-0.08386019142914149
0.047611812820826674,0.04267603237431274,-0.407446198996688
0.04434911791674703,0.03501306894699641,-0.5898049700960161
0.043843872784249165,0.06745696417300613,-0.31362406350650396
0.051192078842454414,0.051213196427127794,-0.26961646842710035
0.04879638002579527,0.06928347366824233,-0.23387424325452136
0.047275091265050626,0.047965594581264995,-0.3695338062560491
0.06012404806071205,0.0840349652788729,-0.05802289467374606
0.0556852950620437,0.08631777918005465,-0.10791177699933968
0.06324620952867337,0.10095266240601633,-0.01737240434802161
0.04077221054413448,0.08338654779584133,-0.29054793724262823
0.049201679790688055,0.02798696076124928,-0.5644885968177826
0.0473918616150756,0.05146642641185289,-0.34212863827027223
0.05257490555651957,0.03911758934087147,-0.3176344619605238
0.04523164777562989,0.05240022048155065,-0.3772570428655021
0.04638772535663546,0.061150554999248395,-0.30436804119918953
0.050015526106596125,0.06417590470095176,-0.23349065296747815
0.05962732013829055,0.0742058818455956,-0.07240234504440891
0.056106547176336174,0.05848629451520705,-0.1520604595894075
0.05027613554291135,0.0818094493660633,-0.17997755236324203
0.05719737624937659,0.05215864650015917,-0.14959406108438036
0.056140077267665824,0.04624409011891672,-0.19159037856623148
0.05546555059254044,0.04543597336395814,-0.20984362613045096
0.052429259470286094,0.0578428021237726,-0.21732592592618374
0.05190496284155097,0.06430899924423324,-0.20362682225417003
0.04575092161758967,0.07055218222414758,-0.27283462786813756
0.05400605785743549,0.0692969709555035,-0.15864967820345094
0.04843104399016764,0.03917631050892777,-0.4229330377105448
0.053593903661269766,0.02747809521309302,-0.41509778062401326
0.0480997286093759,0.07312874697917493,-0.2311029805479484
0.05312987814388277,0.06133793861809937,-0.19352006480072087
0.05370282894589741,0.039324649190232444,-0.28727963978655435
0.05996361366794925,0.08623948538614978,-0.05840000447010558
0.05247349056569365,0.04644999903170756,-0.26967728084893056
0.055217707704294426,0.040879111334292555,-0.2392980663329497
0.04273006997605624,0.07920506897293618,-0.28116798978551794
0.0554580941447947,0.05841356761331103,-0.1633508488707841
0.06359717685422187,0.06655454112161167,-0.021077797579804974
0.0456874372289275,0.06502880923466162,-0.2969847210546573
0.05310194364061438,0.06525744303630142,-0.18232489361814208
0.04392915193388644,0.05439607546862922,-0.38735971087225474
0.04813292762359273,0.06405256481128363,-0.26333172490597806
0.05421747335086168,0.06995015108000598,-0.15414586648720358
0.046996283968506775,0.08069023563965527,-0.2231213713626248
0.058157689190841945,0.08859835303504485,-0.07722841988328608
0.0611937070192349,0.06425917084749865,-0.059233459295612245
0.05165903935534466,0.07983247122852527,-0.16711195882269556
0.045921517493330226,0.04398548003790134,-0.4337450106314688
0.04573837194276848,0.04207513657244907,-0.45779121890822555
0.05578426477561704,0.06152253299468098,-0.14979447002254798
0.055400694566282035,0.07818190987894415,-0.12278166968012685
0.06007537353335309,0.073619001351697,-0.066893415778906
0.0512199315757855,0.054166371248480796,-0.25440265069632095
0.050311657721926334,0.07178713276937106,-0.20460968019523196
0.04930944320343985,0.05645998168548486,-0.2779058074082584
0.0528148186074158,0.0878991310131366,-0.13862686982381112
0.04182372242753737,0.07572600602104584,-0.3060544031071896
0.05223661784878102,0.034006256247700505,-0.37532453023499296
0.04452923099305229,0.07099857266957935,-0.2883264865368032
0.055158731437027875,0.040606395458482804,-0.2423576003694821
0.04942431466445761,0.029863991203199644,-0.5215540424440522
0.06641470670097653,0.12372926936257915,0.011433888749725328
0.047704037044881964,0.033240825884978877,-0.5203229009702155
0.04996532378402353,0.06107032620344743,-0.24618627655418943
0.052343392968236584,0.06229065119069107,-0.20318630147271385
0.05660869050986887,0.059266193316151176,-0.14158678026389013
0.04329357454080689,0.03808712013348759,-0.5699151152178615
0.04751432567713688,0.0443979631313909,-0.3938395613131213
0.04597647386155701,0.09523087447713642,-0.19976217001987387
0.0504795705644957,0.03476889892029679,-0.41762695645871645
0.05682520801669005,0.07255571755922778,-0.11266916320739039
0.05274909785338089,0.051411046222579235,-0.23829318885245007
0.03712798185258674,0.1253391870999981,-0.22237273746778338
0.055660294505071484,0.04162197209689919,-0.2243936321225952
0.04781751127553146,0.03285024043664381,-0.5230551891273773
0.044014901890698496,0.08831189443928457,-0.23762482101127386
0.05616453430257652,0.06793382094386577,-0.1300598961557645
0.06240567905581467,0.08201702096096936,-0.03163149446039901
0.06388516250009862,0.07658187444009867,-0.014557459033904803
0.041177999180063936,0.0667194439787865,-0.357047352305728
0.052438335762586774,0.045404340808049275,-0.2766621872238766
0.05191817901661184,0.05916841010957503,-0.2210946848015978
0.040236971582527904,0.0912347063723495,-0.27142114445360926
0.05306876825368565,0.0771732719896762,-0.15460316037799257
0.053977524674766075,0.028691718323028644,-0.38416922964098077
0.04767528356435508,0.08393624941252772,-0.2064032710170054
0.043429774746453285,0.06659943067718697,-0.3238800247122142
0.05316718528391715,0.03598934479516247,-0.328786611243708
0.05245816995950686,0.06290490952026068,-0.1993776024183552
0.04941418512264463,0.05461254466062869,-0.28538891520635384
0.058933252182958404,0.0836511271506965,-0.07252440013285684
0.05883403556045675,0.06628091195743546,-0.09302775501192463
0.05140704195303327,0.04599566929763427,-0.2955269105664665
0.05543303133142169,0.04332835958843527,-0.22080154336449476
0.04937985368321547,0.07574273080867756,-0.2062263421190907
0.05236245183994187,0.0564177938401904,-0.22399933247754025
0.05872270426374884,0.021418202822837733,-0.29308228090723953
0.058943581340468364,0.07309758143137676,-0.08285388573652523
0.05316835371929351,0.05775085695355275,-0.20487395174451395
0.042405062155391,0.08121685400227892,-0.27820503665378365
0.055524740818411564,0.03286367158677214,-0.28832016400146526
0.05695734974942718,0.020236312869531873,-0.3974365440199322
0.06369037271404812,0.11181416172856523,-0.011712535028711928
0.049028147826979875,0.10104462409234716,-0.15806731250168302
0.04284102358396856,0.04960745880940124,-0.4466863844239495
0.05632318392163897,0.07090834600597834,-0.12236664041817419
0.0555194191803948,0.06453325867257984,-0.14690999671512794
0.04733724888820671,0.04224433112063638,-0.4181093804362553
0.04935712793994822,0.024222302870953994,-0.6458044944525001
0.053256912883927754,0.0439026828816436,-0.26747994303059364
0.06201970635906145,0.08705895645827337,-0.03423305036245161
0.04589359629037984,0.08616495352237027,-0.22174216927604712
0.05584022304223203,0.07178412912478471,-0.12760170067460494
0.04761391607533054,0.0479934248876252,-0.3622597046445075
0.05019186333701942,0.03187674438576919,-0.4645435708168306
0.055445269623465125,0.04118170930708356,-0.23201393379005258
0.05177014359188923,0.02310792411808895,-0.5725246603936354
0.04207525552039722,0.09228880065121708,-0.24840223643431278
0.061387233449996345,0.09310067776497102,-0.03880494360227906
0.04603717227402238,0.07031913369600865,-0.26966810780056527
0.05583570599000448,0.05139258058570494,-0.17831939757749016
0.049299513223676254,0.03378378938938866,-0.4647343314677187
0.060768339682907485,0.10855464296243676,-0.038981845470734966
0.05408855243861639,0.07745795102313568,-0.14086930285729482
0.055277796161965584,0.04758442282348102,-0.20431484215117762
0.052426503565937144,0.052028701511706216,-0.2416646210406362
0.05569066621543336,0.0663549507837823,-0.14029599411355334
0.054069567237571205,0.06406142296815864,-0.17062425803219677
0.05687177662795223,0.09572348530401395,-0.08491357524470468
0.054230445792015976,0.03153623924186742,-0.3414977329854346
0.05590407782123164,0.029050488001690248,-0.3131073797534531
0.052844568494047096,0.08927496585480636,-0.13615722380361442
0.04544274347962844,0.06358538926281879,-0.30757469203396953
0.05785982930833745,0.0796754725688992,-0.08961566792701614
0.048189554327401476,0.04369494943357258,-0.3847228544835525
0.05802268090935614,0.03570146766817668,-0.19543507722130024
0.06461064784705403,0.10374173831930145,-0.003753090696703034
0.0474622189541477,0.03468426123096274,-0.5056408994577712
0.05807038183866317,0.060704307381076995,-0.1141536484031603
0.04563481723582989,0.10362567677995113,-0.18687629712944628
0.05323314306316569,0.01835601546062726,-0.641035466660705
0.04470416881282403,0.04850319549987504,-0.4184431763310988
0.06408077544033908,0.10342818612435586,-0.008887563381955711
0.06045902693129334,0.09383509430936056,-0.0483931209546797
0.03809823645618066,0.10564154588819057,-0.2546513619962715
0.0611477555700596,0.08085710010198277,-0.0476426241490441
0.05108831537836989,0.06500320854561982,-0.21401535297856517
0.048289074985681496,0.03175581587659065,-0.526231953203799
0.05720795128537108,0.0682309259659298,-0.11420112807086592
0.06340096403317844,0.08796237434057194,-0.018178635795237093
0.05181327912415744,0.020862364079647772,-0.6320818113181543
0.053748886414236766,0.058277537160190795,-0.19306089677119775
0.05099525613877606,0.04521479759256224,-0.30973806379546187
0.05465077605790808,0.06333139561351045,-0.163413798824988
0.04654437709503927,0.0701026556819687,-0.26326567410922996
0.05134730606023537,0.058808784874856586,-0.2321539880277611
0.04756090695166765,0.06262145014315393,-0.27848433737108014
0.04773412861350803,0.0491534363967984,-0.3512647874120268
0.059732895177854795,0.06851141172322978,-0.07687923354175054
0.05851663369011856,0.04227567446555652,-0.1533592637336554
0.0497333355464379,0.04128071562508195,-0.3698255764802236
0.05885068701115143,0.06600314219219534,-0.09316697333806186
0.04335764030245943,0.04020780018096578,-0.538262715197883
0.046119917961078276,0.09466677401171475,-0.19943726017943073
0.049927660963243504,0.06247390964551475,-0.2412581367530694
0.04720195934756612,0.05655894430954335,-0.31468127401788804
0.052329479673941845,0.05328936727399877,-0.23776826361833017
0.050875260431155686,0.030236168839799352,-0.4671471324188454
0.0425364797843523,0.05139920661573983,-0.4370402131609705
0.05271379073726462,0.018495889129996772,-0.6642670258446519
0.05328429139930736,0.034863511899925495,-0.3360449926651731
0.04856487410077843,0.037131756438761106,-0.44261644143677703
0.06296148656056398,0.10418353702878688,-0.019566560107023057
0.04957704709337294,0.03606132693368469,-0.4276867829902445
0.04502176583298896,0.08666782015054696,-0.23051501851907324
0.06371566762532256,0.07164910578604095,-0.01792530919384707
0.05317735792612182,0.019769015672972123,-0.5980389853219605
0.060695346883436446,0.08718558257639794,-0.04937345131336968
0.04518399460493795,0.05002742889585244,-0.3961028146442463
0.04462889533564756,0.04327153425576502,-0.4707738011771196
0.0463076276181838,0.08423355146704055,-0.2219112462464589
0.04810994563994793,0.07448245038642679,-0.2267655571537159
0.046055786172661484,0.03347305652131364,-0.5659541074558273
0.06455419704898649,0.1187082089381925,-0.0037554517501449977
0.04186636919286087,0.07304598335545626,-0.3166995602559869
0.05020172302778357,0.07070796078431607,-0.20928728262092489
0.05443283323943779,0.03265298057392725,-0.3236202813595486
0.050838153340808614,0.02667480454557881,-0.5309072325157347
0.04433719023749215,0.03687965274410893,-0.5602766898559933
0.05505220660903515,0.05100048587587569,-0.1950529141070472
0.05581587021026819,0.03580029474777508,-0.2565378261390596
0.05673222734531205,0.0675386570310703,-0.122415413899694
0.045993372965710724,0.09942668402626556,-0.19116223396596727
0.04465811769071433,0.03673219420721066,-0.5537889240848152
0.04739134684891742,0.10216489937225964,-0.17235521455291303
0.059845106976439154,0.06935496895907897,-0.07432622494002346
0.04790597808225748,0.048172592547348514,-0.3548495319395759
0.06306045936330133,0.09428450459445491,-0.020571149469800983
0.05952004252871269,0.08755325823217876,-0.06258998901851544
0.0530983530132351,0.028312739337018136,-0.42036366898641353
0.046873268178642964,0.030817828220324556,-0.588189787150619
0.06489193654147223,0.09039357147344627,-0.001195477253153131
0.05121959913383466,0.032733812893383216,-0.4209836755360356
0.05842712770012649,0.09427595422589316,-0.06971949903709654
0.048474650607969745,0.08158957433924693,-0.2025424145898637
0.057722550592714875,0.04466323086928663,-0.16294050532491997
0.05417904743925752,0.0616894459892755,-0.1754101108741302
0.044956168572803074,0.07776291208400292,-0.25775566899481206
0.055277979371680344,0.01214455713632625,-0.8005249198622146
0.057528678706334525,0.044313858147589875,-0.16860010854351268
0.0663074659942104,0.09497677095575578,0.013766165990413335
0.05609047471033116,0.0577057424802407,-0.1543958175864316
0.05377571987192707,0.07920755157054453,-0.14170719717394956
0.05016566494860393,0.037444147426316486,-0.3961723278808108
0.05596619564848971,0.0710685677945917,-0.12711392155278192
0.04840896873685948,0.08641918832909735,-0.19198318780731152
0.04491137202382471,0.05124372337003665,-0.3920212399694898
0.04823754352139518,0.07927437162975134,-0.21144861995114123
0.0581177076614657,0.08399994312620679,-0.08193210712290501
0.055601462787966814,0.07143729615216089,-0.13156345100204206
0.06189963049056983,0.06907512551225205,-0.04488402281484453
0.05092839628763365,0.036991327441844135,-0.3804027777724119
0.04790376726698311,0.05925144859052397,-0.28853695799348067
0.0524315336835705,0.06439186137043768,-0.1951871874634096
0.04816014037864505,0.0735113026374346,-0.22907850925198392
0.045071416492979945,0.08394944981498015,-0.2373878989194275
0.04650252534120483,0.06803624970277952,-0.27187675304859554
0.04697763440025871,0.03524483321919353,-0.5113477339403815
0.05398029970077842,0.04054780351707479,-0.27177058541731264
0.04788224777584271,0.028185494142583263,-0.6073248933498531
0.06149591378445811,0.08936203189570184,-0.039212248660948745
0.045566014657274355,0.055998601086736675,-0.34704412191697775
0.050656515791226354,0.059017997218090854,-0.24303576679787642
0.061603145712276194,0.0521189675010518,-0.0651750111445561
0.05776213161182593,0.07973354138872998,-0.09077570445399925
0.061841054850275336,0.09462065714631354,-0.033385364728971766
0.06054114463419726,0.0701213328023381,-0.06358771557254352
0.055220295280889176,0.039865147964877314,-0.24531966437769434
0.047627279252467694,0.08478664580424301,-0.2048992572207983
0.04616325465544309,0.04864900801860177,-0.3871969051733668
0.06461488857143351,0.10936653138910117,-0.0035212914195509835
0.054364492633112715,0.03516394754835598,-0.3024548751889072
0.05430875818617754,0.0334551855490183,-0.31956904851589396
0.05480764344498014,0.0630565246759195,-0.16163841263697484
0.043734875412391475,0.11302116838446777,-0.18815169663854708
0.05196452906968226,0.04598221225177542,-0.28348942540959254
0.05282870628108511,0.03410458487132336,-0.35688145053919285
0.05911726461503222,0.09170360909165556,-0.06414944235278817
0.06084472655546781,0.058159810765435666,-0.07144578687318677
0.04972451689623049,0.04670290921143793,-0.3270777637130241
0.040387024642715916,0.11588100679700543,-0.21239870137131162
0.04783266127263447,0.04016192619558511,-0.42745307194087445
0.055149228560249376,0.05626433540769924,-0.1750802061087287
0.05474489885769367,0.05409737126805692,-0.18956745775116243
0.047696434161306256,0.04937423650612739,-0.35045738553438405
0.04616956788015567,0.08468111156940032,-0.22236874045296237
0.05561379691886179,0.07455566056345282,-0.12589524403918065
0.044886349691857,0.049739707169791564,-0.4043781407776086
0.048516643198461024,0.02942916780752638,-0.5601027154197487
0.04853255935057182,0.05017569690079313,-0.32819555415418417
0.05495746688757773,0.051556456564028325,-0.19478710876784908
0.040081802294736485,0.06923732069398333,-0.3598954646930595
0.05409444195678244,0.048072748794911295,-0.22685530402563467
0.04700433908774521,0.05778555121901238,-0.31142146319673636
0.05164317585744997,0.023430371243130074,-0.5700645544174351
0.0484765521567451,0.03622173229681314,-0.45617497550520697
0.05059081951892386,0.07021030259776413,-0.20522886169037832
0.05203514127050039,0.020948637082840803,-0.6188879342474852
0.04451267727382746,0.07091424407482382,-0.2889027866468651
0.050791017642865074,0.0461149259539203,-0.3081211140040224
0.047347531011230445,0.05775895683587347,-0.3056230575446577
0.06076439453851266,0.029935385265803364,-0.14149159678014506
0.04985663053414607,0.03049578945270569,-0.4965724691055789
0.0521135930500481,0.05544933506460524,-0.23239966601831508
0.05203697759070596,0.0479566469059442,-0.27030710538870645
0.0454487021633399,0.08090460841555418,-0.24165864243774404
0.06303623938286068,0.11060287195101282,-0.017755059904855736
0.05040254405263109,0.031695846618357885,-0.46054791099709036
0.054346519506838456,0.021148398422810633,-0.503748807837416
0.051173050305785964,0.042809718801096956,-0.3229862302636694
0.050085273473160885,0.060754146577112866,-0.24549314519476356
0.059714640012485366,0.0746337001800191,-0.0708173382100333
0.0678280603373129,0.1323408756037874,0.021369515083002506
0.048190639427826885,0.05654396086475224,-0.297279502799238
0.054301246273274074,0.04504898655676975,-0.23749155185197324
0.056297588376259936,0.06690018578370856,-0.1300805299984573
0.041170912494102575,0.06182878880461638,-0.3854044041069466
0.045341924313055476,0.08772183505079703,-0.22409558208125874
0.05350887927948531,0.08426217018080924,-0.13637342470360203
0.055628776797436476,0.07508968540325145,-0.12480040570469275
0.05407890893339532,0.03513537612633747,-0.3108289214646612
0.055725688218955655,0.08972707403471959,-0.10336135309010169
0.039397004645697536,0.12407389931675254,-0.20635279051672015
0.04882449323522363,0.05453653389681483,-0.2965994647804541
0.05289623294570424,0.041530742163102714,-0.29144114513439034
0.04737456404338636,0.07521273276864404,-0.23434111895428475
0.046260006566844855,0.03478046655741266,-0.538807994487962
0.05546835910736711,0.06474684038507006,-0.14721399277470826
0.054780087899340635,0.0603568065241607,-0.16932493100953508
0.059027384321620587,0.07683611221833733,-0.07773188291213438
0.05374984945712949,0.04944056044914385,-0.22754900916713475
0.04048425783338753,0.10609366313553988,-0.23107640401945972
0.05785258964307779,0.03599559408758011,-0.19856347806156505
0.047581905655217555,0.06552498037404203,-0.26582372471312776
0.05480491695563372,0.04593009539073623,-0.22196955955860168
0.05744044417380724,0.023027695884583164,-0.32828103445876305
0.04712306962510208,0.06922198072612554,-0.25825511184991085
0.042773191532500504,0.1007701633851526,-0.22056934037654224
0.05470673070505984,0.05146191568394969,-0.20001721968835492
0.05114559720663096,0.07593302984022096,-0.18245555093115093
0.043850867150809776,0.03774549900401667,-0.5603087363327651
0.04324953828249545,0.09526199778088572,-0.22832254439522973
0.05871468110988213,0.07430864765264446,-0.0845839493607605
0.04821570610822662,0.074349338981409,-0.22574906679359025
0.04925395956436447,0.05599255062930973,-0.28121670219811606
0.050651414901783945,0.05437871035027271,-0.2638640196832858
0.05418275519965225,0.02239985952141336,-0.4829157428423558
0.04956804693041243,0.034429633383238685,-0.4482171766923397
0.05422504897556352,0.048298890021392815,-0.22308899893277018
0.052240723784168774,0.06066335135663895,-0.21032923388652947
0.05877649354568293,0.05765477398635575,-0.10794433876004601
0.057658692417320107,0.040048279906629826,-0.18331143309514705
0.053103467932704866,0.052065570384677594,-0.22849134234772878
0.05325895693395984,0.04427042206883436,-0.2652119071235523
0.05565231201559008,0.08177717913660207,-0.11430680396538717
0.05058147524845324,0.045954907209232,-0.3137537561744916
0.056112913663723056,0.026357091496637657,-0.33718008443422753
0.05741081370882371,0.07890795955123045,-0.09617770291283559
0.047415539680413225,0.057843917036134465,-0.3039984361467422
0.04675560277452055,0.08409831436210088,-0.2169412950053293
0.05043694183691604,0.0627841313892212,-0.23195444200386198
0.0599447264498013,0.06203956983908333,-0.08148466476010303
0.05443031495362807,0.03526594939610801,-0.29971361121326884
0.05284638921812827,0.05829955402674362,-0.2084683319583634
0.04031565402241905,0.11014628385724955,-0.22410511833129165
0.05182689022004988,0.027279135136128774,-0.4829005653666606
0.06180157602693239,0.09318108303510932,-0.03432482075640278
0.060525708911375244,0.09346637013841043,-0.04787059861208869
0.04278702527536375,0.08128317528088923,-0.27327887533767176
0.056743560188307736,0.08677489061427238,-0.09514779855377059
0.055289497667997574,0.05971068897730176,-0.162625863112947
0.055905550522540835,0.05719988794778586,-0.15899418344596952
0.04248260596431218,0.10582837590537711,-0.21277274495661727
0.060343744406109144,0.04233729245820842,-0.10998000399971482
0.046586695294826896,0.04141509618193965,-0.4446036929211046
0.05487352466317332,0.030929967436035464,-0.327400129268441
0.04928322787393084,0.05907177395191764,-0.2660623014108576
0.05180243731874012,0.05616454053796716,-0.23498033732401583
0.05809508340302355,0.05722311390686852,-0.12066656505646141
0.05057242285456451,0.03401110106417846,-0.4242020015232927
0.05125109297733841,0.06688553981357256,-0.20555873602849556
0.04753440615703727,0.04867981797745851,-0.3587851099001701
0.04664152183308576,0.07414385963183767,-0.24760618422177524
0.05154855769147426,0.07717592358048038,-0.17429583844886995
0.04930459587846888,0.0833112132738915,-0.18839485712363077
0.057216827170541856,0.0635938598036702,-0.12238874717601202
0.04206217899347451,0.10773165267313833,-0.21291626404469685
0.05808038430216541,0.07650783849131589,-0.09044322561302019
0.060139222639861475,0.0940073606434997,-0.05170634859723225
0.045199022553191276,0.042028436763610906,-0.4711328560274415
0.05523749887246123,0.04348896741134153,-0.22448224707659534
0.05184454917455287,0.03310280030770718,-0.3974120226434199
0.06499061663438237,0.11417194971617066,-8.21862606442472e-05
0.05823710395967965,0.09585821329224943,-0.07055103374086324
0.05566726223988919,0.07126773642891616,-0.1309531946397578
0.05478852543253725,0.04392112208618297,-0.23249575790494562
0.05448397287709593,0.07089433166361506,-0.14833382128209258
0.042595511119061256,0.10227274963843372,-0.21906606559563177
0.04942703772398718,0.08163369681400588,-0.19076634874804504
0.04658297431418631,0.06812184409333634,-0.27035418566443714
0.058039857135738976,0.023119635061469256,-0.30104899345321706
0.04424214994499595,0.06326051037581189,-0.3281328261768335
0.05306567963603575,0.047075466728284984,-0.25351464772188004
0.051751694755836415,0.06716874092118603,-0.197239148188125
0.04083919548054538,0.10940161716278962,-0.22084504000981392
0.05537492809785471,0.060248904255704464,-0.159755136148123
0.05787747960183863,0.019603923025110926,-0.36332117755400495
0.056902853747526655,0.03891725113296569,-0.20806059052856607
0.045193802072615655,0.09443023506930169,-0.20974424042097023
0.04559647762898149,0.06126127738587946,-0.31673388474741415
0.049850520213674504,0.06108986926658584,-0.24798677699269145
0.059182916419918796,0.0293793842172849,-0.19799882587936665
0.04545224770710624,0.0837679877596911,-0.2333558775336857
0.05712500291877561,0.0661649033309823,-0.11902076002182949
0.05140350460620162,0.07048710822926739,-0.19289336355769093
0.05315125876650324,0.03959322475924371,-0.2992618384975189
0.04911521280634743,0.06586784394582125,-0.24116148703331475
0.04063325839438888,0.10009761208047267,-0.24342979916465615
0.05860731769635919,0.05397563990449395,-0.11843643382370651
0.055788687313343556,0.01856673201578845,-0.49611922436449735
0.04976938158864898,0.04987735919959435,-0.305361363467593
0.0470457799493943,0.03521354749493311,-0.5098668361427982
0.0529032017119055,0.08160280441405472,-0.14823998237505467
0.0484499028041427,0.05240107666362179,-0.315835060071329
0.051981321858803914,0.0820826507677713,-0.15860450435535528
0.055455651920883565,0.014025033854715705,-0.6805222845082327
0.056578801582892066,0.04733283490776875,-0.1779145160757266
0.06336210743770837,0.07934041717840935,-0.020643861231641546
0.04752418052145126,0.03246542098772653,-0.5382902468800707
0.05013534942392191,0.05085970729719537,-0.29226771772824967
0.049845026131663875,0.07095782023535413,-0.2135772183822706
0.06204701677781471,0.07126429282896628,-0.04143706623557503
0.0555904853415507,0.056049290466396375,-0.167879282327234
0.06495012231524389,0.07373091991552776,-0.0006764826047641973
0.0548787406365888,0.06460691171337211,-0.15665908019739538
0.045809428877779945,0.044016723148924804,-0.4359836387023014
0.04786574862603724,0.05160987407981312,-0.33199560509419485
0.05033974678156521,0.07567196356003814,-0.19373427791130785
0.04580961734926849,0.08096512676238499,-0.2370203496012685
0.041992161366338265,0.0829577020394104,-0.27734421359371175
0.05304846748630888,0.04292894931699347,-0.27840263281170263
0.06641304693441417,0.12036364583106401,0.01173981499694226
0.054260053836719196,0.039062284136427684,-0.27494414115085575
0.04653089554488274,0.04893654960643287,-0.3774092085292715
0.06446733882678926,0.08437622560090609,-0.006312929612782076
0.05110529163648131,0.042135290337007456,-0.3297641538099231
0.05213633634511835,0.07803404314272579,-0.1648468173224571
0.047696517162754325,0.06689386327880167,-0.25867070593797
0.05396198735987883,0.04661603279584524,-0.23678575756247022
0.04428077753790671,0.08639841275565163,-0.2398102210591591
0.04727872999348692,0.06771299194715676,-0.26171151941333154
0.059211640244216455,0.06515914847663777,-0.08883418355073978
0.06034679099728102,0.03536097593432896,-0.13159164530302397
0.06206169498650389,0.062199707385697994,-0.047239852677694975
0.04526659816423029,0.07268015102395826,-0.27151019305483837
0.0604064968372283,0.08449845601305248,-0.054361977478761814
0.05336033937012823,0.04503597237346052,-0.2584525217608261
0.04861741315399347,0.07274685557942362,-0.22519993084952433
0.05012258943198881,0.041439357401582035,-0.35901643994709287
0.057764137289952056,0.08661037243002774,-0.0835449901326054
0.05377522310588782,0.03821858421649095,-0.29369944293406863
0.0516183506404898,0.04989113175163526,-0.2682169934754306
0.05449838661102108,0.037470089041021414,-0.2802665714907161
0.03845971585962397,0.12277692136197756,-0.21616671802780046
0.04840209980716895,0.03962155185898556,-0.4189109061629777
0.04808440504399356,0.05093446926495644,-0.33210505969961257
0.06275847895448117,0.07998741303381329,-0.02802342219233007
0.05317510355009916,0.057338083934565715,-0.20623110572364828
0.04622373173528139,0.07373258241489655,-0.25465360970355966
0.0588962117459976,0.03947930096363578,-0.15460730319476973
0.03941145361858885,0.1264502685801768,-0.20236055382663365
0.048157182749483565,0.05845666846390662,-0.2881248229347151
0.05834014906447244,0.1043080470431863,-0.06384791130036406
0.05931637741940791,0.03622853971411562,-0.1568824640861139
0.0496727975481138,0.0722761151802751,-0.21206455844584673
0.05350252103572024,0.03876595392704822,-0.2965870254583782
0.053864620700901936,0.046310392716615065,-0.24045097970207793
0.049572556579089905,0.06706755076346231,-0.23002843022135236
0.061249940497440425,0.041182826144483715,-0.09105881877564839
0.06428026297323665,0.10869279487466633,-0.006621754713302591
0.05864718852624866,0.035002850851799945,-0.18149411602639973
0.05600296162148433,0.08238522355888925,-0.10920694257853843
0.05078584085313761,0.0639825385904693,-0.2221568487277825
0.0572905472059344,0.06487594763122158,-0.11883376005370942
0.0639905177198831,0.08226907049790752,-0.012270495752624112
0.05380373088188789,0.06719772000564463,-0.16661680064698062
0.04181683529600066,0.08263928245041806,-0.28053443854511667
0.0524504294873174,0.02655287657700878,-0.4726256485351512
0.04809371705837709,0.07079453799351233,-0.23880773038129324
0.05077551603495897,0.0336189976711414,-0.4231085085933823
0.06021020105581436,0.03045926858877517,-0.15725259226844265
0.05246980675365093,0.06992239088382587,-0.17920144159783732
0.0536624702247127,0.07089572950795116,-0.15991837384247198
0.056651513175237825,0.03612745742372513,-0.23108426166962065
0.048389280543851096,0.05079060107752346,-0.3270431753858433
0.059250015893622617,0.037644456026339694,-0.15274451309255582
0.0512632483843976,0.07243205272233763,-0.18965017694943864
0.04217170830332099,0.09079973882537604,-0.2514136273076937
0.04994437479014757,0.05208046758564928,-0.2890839101068477
0.04230515443911269,0.09585243109984035,-0.2367685962732469
0.05912372330975236,0.056876146727683,-0.10331706749373577
0.05286724930181213,0.05486543312954601,-0.22113651540015222
0.047387523225618636,0.06738912159312127,-0.26135489464785006
0.058156373460860986,0.09934595843817647,-0.06888681378415452
0.058425095784168574,0.07213698056858486,-0.09114471057712599
0.04865681324744406,0.06849264511063238,-0.23861228787642377
0.04297010168763615,0.10064479696724983,-0.218887602501026
0.06435250675367743,0.08115887475080732,-0.007978095412370555
0.04664527267736477,0.03901326812661771,-0.47047397472739
0.05804320662851779,0.052283081231954014,-0.13306012590609148
0.046146425173817125,0.08796523972102988,-0.21432982944143045
0.04769232559559542,0.055767343583162016,-0.3103550087264751
0.05915634831800101,0.05628262860735084,-0.1038269147442729
0.056392135360718194,0.07473405253798798,-0.115179952738497
0.05826156119242799,0.05701188172440491,-0.11819358708673373
0.05765885027841818,0.0787365798218766,-0.09323683779749493
0.05870828107208835,0.07607614046918341,-0.08270291958962184
0.055544502345929794,0.07574659537004962,-0.124830662129125
0.04931164406958328,0.04107337695859932,-0.38195924202263903
0.057718942927960364,0.046114695019672074,-0.15789017077817843
0.05905247683541638,0.03469908624615793,-0.1714028756374575
0.05688736589519773,0.052850242122115955,-0.15350230725636393
0.06111778841217454,0.06755967714555959,-0.057463441979764204
0.0501949541640458,0.031246531647012986,-0.473814054091008
0.044388542269648966,0.0361079158092148,-0.5708293394516822
0.056673826401026854,0.04395428202569437,-0.1894280423942749
0.052936563293091383,0.03266858618185093,-0.3692671803963918
0.0445277868898065,0.06062912876867467,-0.33766299344830614
0.05222057015976713,0.026614457487663504,-0.4801687145475902
0.043785082841180656,0.09830123239730829,-0.2158153732302573
0.06277958689171123,0.11007453855625123,-0.02017190476028275
0.047812983693584804,0.03874854013303487,-0.4435526150767805
0.054757833397736946,0.040322102192696135,-0.2540087457076655
0.06047093313689172,0.0965596825924252,-0.046904326334887676
0.04168242268683375,0.06310653756511304,-0.3694954312634769
0.0561546007616518,0.05458015554440124,-0.16206255094220867
0.0486975080414471,0.0639754281394087,-0.25482427289158865
0.05747014740750324,0.06655014424733516,-0.11314554878366441
0.04440766374581803,0.05325978063526635,-0.38663952439463495
0.05889718368393966,0.08177368827043967,-0.07463056204432503
0.05783976864855173,0.09376340449947819,-0.07636488232984455
0.05522535984695364,0.06869521220592913,-0.14228997682902136
0.06375141679854868,0.0964251213177791,-0.012948733529061255
0.04766231376364879,0.056564448318052706,-0.30651207166141214
0.04575565275044016,0.04530504502359724,-0.4247727209968863
0.052935110547558686,0.06762740219796992,-0.17840237921786514
0.05089745290325591,0.05262001787588793,-0.268007265410039
0.04924447097310051,0.08148641232409654,-0.19335161013390684
0.048412664271348764,0.06796702396561079,-0.24404975767430861
0.056925844124291775,0.0960980004588712,-0.08402001953374535
0.044638835112788364,0.0849760575107146,-0.23961060896058053
0.04587578284665152,0.07236002642423464,-0.264292567297121
0.061695733405955515,0.0952447172446375,-0.03469238703872078
0.04658777537119392,0.06810087284279555,-0.27036694039603526
0.06292217018302634,0.10086020734991892,-0.020601086112830888
0.05500814019733888,0.04201789372664752,-0.23780011124937328
0.06457053325128877,0.11487978069318573,-0.0037384015369791674
0.04553886126352339,0.03174017402821582,-0.613139005450203
0.05560210721874114,0.04197749541145749,-0.22387931173935086
0.053053563135123216,0.05239151302766218,-0.22802236802302675
0.04433483216433352,0.08086300736989988,-0.2555577452262653
0.043615569210293824,0.10331564933024685,-0.20698152630635056
0.049917675179173594,0.04417591007414243,-0.34141514675109264
0.05562332796982601,0.04364418287795743,-0.21484356933417798
0.0452883435781696,0.08219466587844419,-0.23981673520008612
0.04889534740508837,0.07689406511099012,-0.20943947457669093
0.062059896897842505,0.07971153040963543,-0.0368842887227028
0.05016520137124453,0.061309136866599286,-0.2419671746649128
0.049812284674366665,0.0634961708896438,-0.23919104274853917
0.04884132517027735,0.03380873593388225,-0.4779437735064457
0.053398333037476715,0.01859261326619518,-0.6239933459820448
0.05095372613935044,0.09068910739713548,-0.15488380317979875
0.045373850304010206,0.08808945809884695,-0.22279793881768348
0.05759547942548059,0.07026126266895807,-0.10538553241501564
0.05501248426452735,0.03947923850898441,-0.25298146855592873
0.048861245243326086,0.10034898482663228,-0.1608262882236029
0.05325006499756274,0.06934859781613358,-0.1694329138938077
0.047264565652337234,0.05764765874521259,-0.3076522921086648
0.05708656073367479,0.05901132526213297,-0.13410034821575503
0.046537096825069235,0.06045656733595309,-0.30539119219808913
0.04689784431925133,0.06069544529884767,-0.2982457018252134
0.04922280318829682,0.030461298200214978,-0.5179423643734211
0.06072648226478906,0.04842071997621399,-0.08825803782575417
0.05647373101617547,0.02508381703413893,-0.33991114558921914
0.05629316510267195,0.04418096826212651,-0.19707207061805967
0.055580999007119325,0.04174598374930241,-0.22562651893520347
0.05416589650071128,0.06512618822152877,-0.16635555980086195
0.05576446336229868,0.051706873206265,-0.17861332672079488
0.040168075666621415,0.11308296763966326,-0.21959031365806603
0.05197908142602598,0.06532143576846618,-0.19933607430380226
0.05554676680987752,0.0423705383874494,-0.22310863986856097
0.05131028003199403,0.06234619062632785,-0.21957588475702328
0.058093687288072626,0.07064217727141872,-0.0977647204359543
0.044163551429139226,0.09494802241096328,-0.21945110642404356
0.052429841744119327,0.04816617147779593,-0.2609748267344723
0.05375834288085082,0.01891071475177629,-0.594459663038027
0.04441894317782745,0.0973429283126353,-0.2114283716231813
0.05548810646176077,0.05970453902537119,-0.1593160870766826
0.05209852052752732,0.043818499142982595,-0.29442997192519804
0.04571890714051287,0.03691333802830949,-0.5223340366753102
0.048507828714151886,0.05600885284280691,-0.2944565090832095
0.05862822059292108,0.025960828301288884,-0.24543821688318698
0.06111203816321339,0.07447310558976186,-0.052206253599837917
0.052211168523750795,0.02104651416894594,-0.6076460630767581
0.0502741951644798,0.031232248353288992,-0.47149358793983415
0.05552741766876369,0.02172548356649975,-0.43601249667201136
0.045009419395998555,0.09679699663617804,-0.20652067004866073
0.04271495142733524,0.055737452957770106,-0.39982179647766103
0.04236551588624596,0.09771968799857676,-0.2316266514694941
0.05634014548985943,0.04561382442629429,-0.18985153336865476
0.05130705180355098,0.05446272284846838,-0.25141872239011825
0.05032577377798609,0.029012789721734055,-0.5057847371023807
0.05804911850090683,0.04345234613044185,-0.15996562022743177
0.0495860596184516,0.09030127760475946,-0.17069459912863946
0.05840220964002773,0.0781231514628011,-0.08445371489031467
0.047196054583197325,0.06631011721244731,-0.2684951582842419
0.05341571579050254,0.03265997453394015,-0.3546936081489931
0.05158132814678257,0.048496153188875346,-0.27669559276086203
0.04336808480988504,0.10551206371384676,-0.20501840669879837
0.06233494644299577,0.09581685550363685,-0.027814036924881966
0.050618322893829885,0.058213759723155664,-0.24704944629181066
0.058544080704139044,0.03500789696742299,-0.18441322830299087
0.05380989158752673,0.05756838555598048,-0.19437940293795147
0.05836271383227665,0.046135630544203644,-0.1438646462491504
0.05879041426789955,0.013905586425453602,-0.44655331620779853
0.047117264059473016,0.10080538361833441,-0.17739861998079323
0.05234314485199431,0.04623038350081363,-0.27377785321168574
0.04219348455565029,0.10250715845581114,-0.22248705151827186
0.05976247523850375,0.08501602301370965,-0.06160632520591623
0.03926521548279213,0.11323435274491712,-0.22727011629748603
0.04894303015397223,0.06724216475827145,-0.2387931724647905
0.04688239640029045,0.032515192085075924,-0.557204261697267
0.04998016799994434,0.03715291872430006,-0.40427057996474075
0.04248626149534321,0.06252480520065463,-0.3600769075954046
0.059606812099619384,0.04871633129936747,-0.11070595335348339
0.058428719923602976,0.0428668879974598,-0.15329501121673275
0.055190769012724225,0.0719758333660774,-0.13628506303476748
0.05338159046266413,0.08707507766979691,-0.13342979240736141
0.05738794386915941,0.0639396019236822,-0.11905072759017618
0.05333256767564093,0.06759496424971782,-0.17260801087571814
0.054471930895439655,0.06477755332381609,-0.162526501301024
0.05729661565501524,0.0743501312654845,-0.10360955944352045
0.043502325071868436,0.09031812829392093,-0.2380217054340631
0.05113642448422544,0.057330864935477205,-0.2418169607484079
0.05660933329533619,0.012570938719654227,-0.6674654050731545
0.06039445898863918,0.053733467875047375,-0.08571084639596713
0.04844199463891074,0.0652803970811707,-0.2536443726054664
0.04678642213600521,0.04399304710553746,-0.4140103735097319
0.061825764506762436,0.10319422423206573,-0.030759817391516668
0.04731922300820766,0.05108193952435451,-0.3461257962486452
0.044972939354408534,0.07723200142986267,-0.2593103930341467
0.0595982055291953,0.09049527716020635,-0.05969145175655689
0.05248892915320603,0.07855374632077508,-0.15926765345735236
0.052087165842568076,0.06775111374454243,-0.19059220496537
0.052781119279553784,0.06112927533149233,-0.19988590825239744
0.05447457944327781,0.034596934169982684,-0.304229863403745
0.04970205068931644,0.02456324738600789,-0.62279832427197
0.057583786692408594,0.06318626407539235,-0.11737065667852366
0.05142784925531116,0.061745714150531164,-0.2198071709333706
0.05573029525500779,0.09207911968070052,-0.10067108348924744
0.04221301635094812,0.09103407124472822,-0.25031269432950337
0.046639040631618535,0.06381080375842033,-0.2877406064009748
0.05192970236743466,0.03319379312503815,-0.3937572781553063
0.05362075766554246,0.0729219233430762,-0.15604693091982166
0.057110587505446155,0.052559995178846,-0.15010299121429765
0.054092927207808374,0.01731007335461471,-0.6300997441633545
0.057709207964505294,0.07687575377095865,-0.09483864128625885
0.04744318805341268,0.07946609584791993,-0.2209346232409237
0.05921470905545299,0.09991496713991677,-0.057902145295664606
0.058146839893234624,0.06973315251651296,-0.09827692940086905
0.05261936759310827,0.02731618476863786,-0.4532343192050059
0.06291063444197281,0.061740698566855046,-0.033840976965376406
0.051183146414136065,0.02973449376551365,-0.464674249873689
0.0478585408184674,0.07630670903209397,-0.22463895244549262
0.052700766010627786,0.06945365456426214,-0.17708548335627644
0.06318700836354584,0.11386075315294239,-0.015922884631009625
0.04084560076385898,0.11672122673032914,-0.20694093022126098
0.06199391973383314,0.09867941264806307,-0.030463094433769572
0.053357596883957276,0.037667620995680766,-0.30908251724678143
0.052121458508111965,0.05329180371584458,-0.24166082950686513
0.053352021491709554,0.033277949646896905,-0.3500209187129591
0.04851677749984996,0.07923747799737943,-0.20802305823887005
0.04896663044752401,0.04582678957592401,-0.34986892385102697
0.05925607754755189,0.07421710880565056,-0.07739350865161693
0.0413757752050881,0.10884790850327156,-0.21703884915897897
0.05406939959815731,0.04701431262996948,-0.2324951656290925
0.05750841461227453,0.02956999342721845,-0.2533509317871424
0.0522778004141382,0.04104955575161419,-0.3099229541689139
0.05245117243900841,0.03203924600688771,-0.39167050180562546
0.0574676490727521,0.017167221628535997,-0.4387635396241025
0.058563288710461535,0.0695203466586139,-0.09258744524313917
0.05236412664548495,0.05330867362913981,-0.23703222185606923
0.05213550453793525,0.03315554764836797,-0.3880043122345465
0.047518056291177516,0.09556291619600031,-0.18293648210742
0.05666348616953779,0.024221385055981443,-0.3441798976893568
0.04946453290546288,0.07995238556554594,-0.19430898758863122
0.0554677793354354,0.05620922173831738,-0.16958464055848257
0.055864571007978266,0.07274083915852289,-0.12558872151740028
0.04892321013470667,0.08540825487037691,-0.18823461373485365
0.05724155287610625,0.07382996135989704,-0.10508534720848417
0.048826255967563986,0.07760152663475905,-0.20842043621847406
0.05875655420965845,0.0484448853682631,-0.12887729515470617
0.0580605458936966,0.05873750489318876,-0.11814349484068917
0.046136365072891594,0.07302712037724561,-0.2583099926392017
0.04767800842815149,0.09876445565717151,-0.1753868986224775
0.04996104624073253,0.08238627081191749,-0.18254198923022533
0.06499246076721812,0.10409397490121894,-7.242717735615718e-05
0.054888738609818716,0.06830933355774221,-0.14802166649209347
0.0571710938213212,0.0692719802057759,-0.1130169248146602
0.04716743274667013,0.07205195144951754,-0.2474959649888744
0.045881082038987775,0.07245292576901345,-0.26388055082778966
0.055644983761574195,0.06654542731495713,-0.14058090263886727
0.042539310964024156,0.10128959051503536,-0.22174725874364945
0.04286271441995759,0.07371326886356853,-0.30031615638990294
0.05359717009568569,0.03383448392010932,-0.3370179941635555
0.060096659552734646,0.08800555991203035,-0.055716257611072476
0.04672222012194839,0.05924303492586461,-0.30852200433222254
0.0665410767283034,0.12049485484130482,0.012789564586247557
0.05717364167743749,0.04953692210267103,-0.1579904037304028
0.05481191525173233,0.028468297307334668,-0.35787474882253595
0.057460372122594014,0.04234899033336541,-0.1780355993863154
0.0430926010514812,0.07477393874064558,-0.29298174360594953
0.05799504163821502,0.021392237864418618,-0.3274532756311682
0.04941136603380346,0.04350791461199695,-0.3582942116443822
0.06409745262587027,0.09799702636224382,-0.00920994654259696
0.05344338860982662,0.049217402754556154,-0.23480742061513116
0.05723590270840081,0.04032106750718073,-0.19255683868529758
0.05389892677954047,0.014922722833051691,-0.7439040009422577
0.05518517656873853,0.053960938923758084,-0.18188755842682663
0.06112081130443889,0.08530064091988576,-0.04547666528325904
0.04875887073041889,0.07862525662419487,-0.20656376801679438
0.06148048824605146,0.08669024619469609,-0.04059870525738428
0.06054236991913526,0.028724721726251814,-0.1551844478545764
0.055046985828132805,0.02468700030245998,-0.40316822821424
0.05884377411529067,0.07173279886674977,-0.0858216322514487
0.04474311466965012,0.03596019935593467,-0.5633140442255863
0.05600990794898372,0.030364818449870278,-0.29606934966063286
0.05106616058321096,0.04713196709208418,-0.29563458256613345
0.061404025386301665,0.050786958586614486,-0.07080507897643824
0.05718838859663944,0.048659362437816024,-0.16053665753108398
0.04226159218032019,0.045530810164448904,-0.49940705508100713
0.05445566211565146,0.06240056937819225,-0.16897823192032563
0.061203807518712156,0.08880419022101317,-0.04274789817732697
0.04492293030367536,0.08565114809279505,-0.23440514392840367
0.0459687144490531,0.06736847185521594,-0.2824954318668195
0.05878894980480092,0.0593138009474593,-0.10471509321584173
0.04499840485300808,0.09671241863524306,-0.20681516840592304
0.05730677754967029,0.020258697507462592,-0.37974911504038195
0.04773525671110795,0.0378145082878698,-0.4565640033571524
0.04362149634021848,0.048265162233777616,-0.44293860561852855
0.04405872967942719,0.08693431449328358,-0.24088612698718298
0.05619174194897011,0.07037323928337758,-0.1251648800129972
0.05880121801955088,0.07496825684528864,-0.08268542235471073
0.043616328562485644,0.053926208245050955,-0.39653578720652644
0.0577332785764339,0.07863503706911842,-0.09241073310843381
0.03922646512612666,0.11640630002902536,-0.22141013731599435
0.05351388966476716,0.0243136179227159,-0.4724146925292232
0.062291657148854956,0.0937118636616568,-0.02890074687793444
0.054708613641602476,0.07906489846690895,-0.13016378390348257
0.04621752982988044,0.06438896357541889,-0.2917032535881654
0.05163655160482932,0.05169856440563471,-0.25848780423222306
0.054779614328009214,0.029504101751398715,-0.34640558652175424
0.0431952021260036,0.08353671135738124,-0.2610205443773404
0.042657050798014,0.08043900239970707,-0.27776263423758435
0.06118182596574111,0.0279995946865164,-0.13636533232024214
0.04847841157877026,0.08832096244255168,-0.18706304782373948
0.047426797635321094,0.030248974250462465,-0.5809520091217717
0.06620402371601641,0.11935162205036629,0.010088038145877182
0.04884265421725556,0.039132446359349746,-0.4128887224267296
0.05304337178322274,0.062530315203318,-0.1912133047450689
0.055579919944953794,0.0629439868486268,-0.14965814093887062
0.05746375583732903,0.05601576107703224,-0.1345379232160608
0.054177180658908176,0.04274795170067224,-0.2531774953072577
0.057746751610401756,0.04349792099808344,-0.1667493117640687
0.04641796777409433,0.07472229226514,-0.24868123906009643
0.04104513264719162,0.0830892605192529,-0.28830281077369463
0.058476245220225424,0.0527760079982929,-0.1236121303450158
0.05843478288746946,0.06400527399011405,-0.10257306473751801
0.05371870839096998,0.07857246572239938,-0.1435781797772188
0.047113971190260034,0.08001331466399605,-0.22353815592879347
0.045655342518058965,0.10082065718816914,-0.19187196375675925
0.046326424000796534,0.03735096967277814,-0.49994889457483094
0.048510511180763737,0.06114551481177561,-0.2696761793566691
0.051036913944846586,0.04898768493657852,-0.2850325765185802
0.06327145169986245,0.07369244092236416,-0.023456249765950836
0.044430593748179634,0.0636260646356347,-0.32328584786147807
0.05058559762884975,0.05705990789721661,-0.2526187458471763
0.045491329144293505,0.09593550828436721,-0.20335193094385737
0.043486455304766455,0.06851998320406363,-0.31397475144094417
0.05933813049840918,0.06062842700547381,-0.0933863829434276
0.04809643720125237,0.04194950610661721,-0.40295022200705305
0.05124300039885849,0.08991259721531379,-0.1530041398781709
0.04560934506883019,0.058020572309268804,-0.3342030965811785
0.050634798088169196,0.07135933712122329,-0.20130795059695683
0.06699224559916073,0.11473793591447759,0.01736344290388567
0.055215867188339755,0.014215968690753499,-0.6882494625937201
0.05550011894739506,0.09087368560745585,-0.10453940531961338
0.05485803600753605,0.04579318524577522,-0.22147321567677214
0.05391331286393749,0.05858290333581144,-0.18924782666558754
0.045496162019230554,0.037840572995299276,-0.5154213173038448
0.0459577363339156,0.039008695818412625,-0.48815432729991953
0.05417800047501724,0.062442506550982727,-0.17331142074104403
0.059446842693069143,0.0495483973508008,-0.11207541724537956
0.05766159748628727,0.05982224612477511,-0.1226701267352375
0.059346247111403766,0.05685444336207681,-0.09944258626525251
0.0518527693389857,0.06405188929188178,-0.20525906115123194
0.0670765561367306,0.12478259032908869,0.016641393092210206
0.05428812528750123,0.07393305162381364,-0.14488614330439062
0.053510368390002304,0.017864175985857517,-0.6431660558591487
0.046476315232474016,0.09448078161420041,-0.196057700317986
0.04394395988747156,0.036252353723499685,-0.5808185662405525
0.04332197911558589,0.09900053537256887,-0.21896872378349452
0.05169332394054379,0.054164354362796936,-0.24567219929046127
0.0473219434416086,0.09724163759727884,-0.18179513421610757
0.05628067733260323,0.04692238675251922,-0.1858243638241322
0.045744425941530074,0.05378105493619516,-0.3580363769605186
0.05354415746547776,0.04284400797108945,-0.2673849407892111
0.04547826976597164,0.08862906155053628,-0.22026330745809683
0.04461523970553188,0.04260421073463594,-0.4784682063807353
0.04768708937749651,0.043097997711972605,-0.4017103239507105
0.05051784045755158,0.08541964355262772,-0.1695413249240012
0.048803208190682484,0.06636390831736723,-0.24406024629925038
0.04633407788500136,0.08823393477564313,-0.2115503764221943
0.05863093371539191,0.10313181426145109,-0.06175656202907256
0.047664248892414184,0.08138316867678758,-0.21301396086498645
0.04715589282883087,0.03508876417623454,-0.5085419104972316
0.054146491088585526,0.07481296642769428,-0.14507523801912395
0.0571739637570002,0.020116483233349206,-0.38903600357073154
0.0499460124719444,0.04662260706589746,-0.3228902988367415
0.044757875783871894,0.07204853083313492,-0.28095124192065846
0.06299064850672668,0.09373651694249309,-0.02143616552880928
0.05626309775063438,0.07476180876384422,-0.11686317377584506
0.05212066267405311,0.035917363417394904,-0.35858248213479343
0.061447112744121304,0.10247057263391178,-0.03467226897005648
0.057019520566643944,0.08418121567412451,-0.09480119014020233
0.05927683200768607,0.10145434525024932,-0.05641126536470225
0.05559928246605108,0.08033330398903256,-0.11702142283644089
0.05210098508138498,0.0692192442880982,-0.18635012634532513
0.04931302231840225,0.07720091926405868,-0.20319677318791868
0.04172913154837222,0.11181385812322112,-0.20812150517141462
0.04598176499210433,0.06831856899989325,-0.27837578108413524
0.049845133907283776,0.0893156379418216,-0.16967763363665164
0.05476988381468663,0.07829608217933991,-0.13065936251932678
0.0537735988239762,0.09430661521857452,-0.11904150254999997
0.0603129414483109,0.0855571345533665,-0.0547827901922725
0.053176123811480305,0.04077976034625709,-0.28994471983465037
0.05121948437015735,0.031541082986804025,-0.4369068632046675
0.04992789472707169,0.07070776792185518,-0.21316052982447
0.04856048361112958,0.04761778008353527,-0.34523903382372695
0.05497547477172701,0.08305574427752617,-0.12069635057120907
0.06330591201500486,0.09986873952137543,-0.01696314575626083
0.048550222540298976,0.07496836371629417,-0.2194229224737062
0.04995089525830505,0.04294280662902172,-0.35044529976120437
0.05417669910220966,0.05416625107921975,-0.1998163188728152
0.04642794597140322,0.07478872990564572,-0.24832690770424218
0.059167753298078184,0.06286155219723216,-0.09277923465241153
0.03999830609561941,0.10544294665185956,-0.23711110793335996
0.043167984655126106,0.06060847567988018,-0.36021389912832497
0.04319608848074899,0.10846306167431569,-0.2010261482819107
0.038678213343557394,0.12983698037957203,-0.2027295041789493
0.0588792856084491,0.028633202828723756,-0.21376282730798216
0.046182359999151844,0.0371518204732454,-0.5065065388760569
0.05031497328527781,0.078898267040905,-0.18612609966589896
0.049809273547980835,0.05148111581641284,-0.29507376075901154
0.05317197260079314,0.05451255504339207,-0.21697804092638354
0.0671137843478958,0.12725734818847953,0.01661031270874118
0.05665703047068421,0.04536186198154266,-0.18392034993427897
0.04638704249422505,0.07237950169085684,-0.2571578564504843
0.0517191969106185,0.048589533166047444,-0.27332641875764374
0.06783455532053335,0.12776246585954007,0.022186135039453728
0.05097485998507793,0.04470168135801768,-0.3137497201188949
0.043892392159413325,0.10942247519835904,-0.1929001130921522
0.0542547223466597,0.020738437049564462,-0.5181334363654936
0.06266495127919176,0.10451738037955503,-0.022341248052032164
0.05642738430710226,0.010495830687566186,-0.8167639082681883
0.06302829306927536,0.11042959299694917,-0.017854878182690687
0.05805772463529791,0.07467440299856573,-0.0929672697193901
0.055045116079322706,0.03332479126875271,-0.2987230689727255
0.04902684944175342,0.05943957859803309,-0.2687292025784171
0.05602440400786686,0.06050108640058666,-0.14835429454447135
0.05485151738579675,0.050715461450458604,-0.20010628561699662
0.05462186620385324,0.013409145886945329,-0.7739593471237083
0.05016514999923997,0.04362477615412504,-0.34005561308438464
0.050135401038156176,0.05652070855647946,-0.2629938537835221
0.04580533246373958,0.0763135716074082,-0.2515236429374128
0.04818019787089993,0.04777628822337103,-0.3520533460125984
0.06151968501918494,0.08154349564501495,-0.04268047320372417
0.05332933841141332,0.04224564009579895,-0.2762571844602552
0.04802785256667019,0.03513205536471721,-0.4830957727106048
0.06294370294390428,0.10290593348797901,-0.019982298264034803
0.04884519608345199,0.09320953552359253,-0.17331707347108308
0.04950866727593583,0.07809252985033714,-0.1983715056197183
0.045935203001971736,0.08664601670554939,-0.22003085338379128
0.05255081567629714,0.0237090547232945,-0.5250814285510655
0.04263961094754863,0.06764551986953284,-0.3305524016309965
0.06010099797982993,0.0914997888628134,-0.05354112923162259
0.05614967678534816,0.017559486977367502,-0.5040194640116231
0.05707970074185966,0.07352124116654166,-0.10772804066513424
0.04635121070652529,0.057485248670955426,-0.32440999603602755
0.049718025316706445,0.0783339096288197,-0.19508760325772367
0.042496268852227535,0.08698473037036886,-0.2587089831968751
0.045649657716758815,0.0880009057928478,-0.21988798988946168
0.05985895770409016,0.10307262688813601,-0.04987786234932559
0.06385769594348885,0.09239739999946116,-0.012362945889362853
0.05337646216147384,0.029571115544037307,-0.39307065779160033
0.052203126500790016,0.042930486346230604,-0.2980835902021777
0.050676935072983105,0.042391912344079664,-0.3378725831182564
0.04815899655720137,0.06972872767136859,-0.24152173724107315
0.04946478262233473,0.06546762269091103,-0.23729618915614067
0.05696443850103565,0.031300989422362396,-0.25671908930851556
0.04981986307605014,0.05329700730892887,-0.2848215629812057
0.042166260732319716,0.09360288609648218,-0.24394268403373978
0.051775302662933974,0.074279367108083,-0.17803998407556346
0.058088548988018185,0.06805106860020958,-0.10156271097792183
0.058762392216256315,0.08473487864349039,-0.07361322614253701
0.06165247767874121,0.0613362187023933,-0.05457660077647028
0.04386363378235826,0.09178531174390218,-0.2302804862352712
0.05267607686475143,0.02045399915181532,-0.6025190009922732
0.05720874688125393,0.029282336367292192,-0.2660734792818224
0.039951072587425966,0.07357516739848197,-0.34045355652280657
0.051342394249118045,0.07051907323237479,-0.19367250766154215
0.05060066827850759,0.06527768353521737,-0.2205858256861084
0.04860514495294429,0.061237399688261834,-0.2677261792714286
0.05977103255607278,0.052741529527554454,-0.09914326510374304
0.058234538790791476,0.0825046929327945,-0.08200092587120394
0.04713128181153307,0.06816027510672285,-0.2621573660095819
0.04492752055947289,0.058182509917226344,-0.3449916387086657
0.05123119734387084,0.03316299114565982,-0.415185789353357
0.04110431063657793,0.09421186996561742,-0.2536377780437093
0.05957600456681805,0.04048548004992485,-0.1339738451043022
0.04611390295050695,0.08422226230716968,-0.22424115111765783
0.056747768295201506,0.08634656848286189,-0.09557104410508685
0.046818978548521815,0.04032066831201184,-0.45091071682613754
0.04983082379350742,0.07865452067195199,-0.1928582880793255
0.04732436859369149,0.08151288407010049,-0.21684463269766774
0.05290411324970221,0.058254628654953004,-0.20763820883560566
0.060707402069926156,0.08260733193124935,-0.05196388540482578
0.048622578406476644,0.07026047421125217,-0.2330958021188608
0.05868599311599234,0.06972574984946113,-0.0905548796196483
0.05641456888125626,0.04409660912438244,-0.19469594803824905
0.04081973462731625,0.10391083918235966,-0.23270205074802913
0.04472539035327249,0.08855909388172678,-0.22893876572184485
0.040641072951010965,0.0682876959112039,-0.35671033740343977
0.04563741398987403,0.03547634052088115,-0.5457887066657643
0.04832147389769105,0.05332027841653511,-0.3127989312437046
0.0532456814168494,0.018762388586447062,-0.6264830583266615
0.048601807794599175,0.05843507521995406,-0.2806224197312451
0.06194552610054062,0.059717091478555834,-0.05114907347013431
0.06064794532257498,0.08311935089515056,-0.052359103272050844
0.06462713266792991,0.11855515563781363,-0.0031450958843932814
0.05399934790534238,0.019866385071458426,-0.5537319474624501
0.03781122112914009,0.12007496445199797,-0.22643170451846434
0.056897133177132846,0.07268262189840882,-0.11148286359554876
0.052888563526856364,0.04684986829615002,-0.2585159129281676
0.057305412709106995,0.055755641492534744,-0.13800553782388555
0.06607346585810106,0.11257771163684037,0.009535332016375549
0.055380190718552984,0.03518690858512739,-0.2733917149377842
0.05508621303583328,0.023281127692508796,-0.42582932816251395
0.04728093239875986,0.07397391325576455,-0.23953129990536695
0.056760199166082846,0.06940255596253352,-0.11872474607945786
0.05988247315369626,0.055418932336054084,-0.09234257374847354
0.052107465108822644,0.05331652018529978,-0.2418112593689495
0.04731656072379807,0.07431388936560678,-0.23795604599839457
0.05562892069587978,0.041139998100924495,-0.2277851175668779
0.05991447045731459,0.039793420617566175,-0.12779825065956965
0.04852196578235434,0.037534045878564785,-0.43901566782748713
0.05573989428870489,0.07239216479862966,-0.12791585577049078
0.06080438922616603,0.06660504830400772,-0.06299238392086738
0.05409911812032469,0.01868937557289618,-0.5832662432812392
0.05302246063385082,0.037633414213823255,-0.31826874112712505
0.05416593565035564,0.0734745384804332,-0.1474533161243272
0.05682613492137971,0.06213600142998219,-0.1315479736466627
0.04351553334582215,0.10673253548839932,-0.20129257265244094
0.05284951962560977,0.03215927551737629,-0.3778219558405502
0.05586242813537559,0.036910641295479704,-0.24755928219928955
0.03988302072116556,0.119944460237472,-0.2094050798936991
0.05560492326719023,0.05139291727885465,-0.1828087843667775
0.05611173141431206,0.06936638543256167,-0.1281350978613288
0.06398736805066091,0.09883426723612002,-0.01024575764719199
0.05470060591577609,0.03805308674821995,-0.27065857107388785
0.05010422751644015,0.0500790993975963,-0.29744489543026453
0.04109712751395998,0.08443552792785966,-0.2830902236610902
0.05957960278229195,0.06584365770557246,-0.082322237351181
0.04926470870269834,0.0631425073803843,-0.24920282627531434
0.06031848171967378,0.0319939260340318,-0.14632522046048718
0.049694129904125216,0.05992993395678877,-0.2553960781420311
0.05599062917981403,0.01566877916055923,-0.5749886910694336
0.04987083049888493,0.05617127787964607,-0.2693399557961133
0.057310461978162766,0.073426443511311,-0.10472436977902516
0.055406197722155805,0.032619608802853875,-0.2941115062362379
0.05013879072178418,0.05440807964717104,-0.27314342602401587
0.04897079621657269,0.03760253726163387,-0.4262798457428037
0.047730981335824416,0.05676146312248427,-0.3042384342156784
0.04830380877185292,0.07327312818184391,-0.22786240525601273
0.053125072360879655,0.025017727887290564,-0.4746605164393452
0.05128439762245365,0.02521897520938318,-0.5438604171530022
0.06379394742456021,0.10560757138084584,-0.011420133610406415
0.06258427265518934,0.056786867145627376,-0.042540246825302656
0.05250382044237715,0.04771123601360015,-0.2619127191351907
0.058092779458318915,0.029298876947622673,-0.23575035159296587
0.04557208780359204,0.09160965774494365,-0.21207275165789252
0.04760468166695405,0.06555912180885116,-0.2653378790485476
0.04067239559109875,0.09124619204987365,-0.2666150100335605
0.060687218358757476,0.021351171618067107,-0.20199273924589234
0.04335766946372489,0.06627958981472093,-0.32653084602325455
0.05761146781368004,0.07563863142343535,-0.09768199195670205
0.04577884318164418,0.04635802002850415,-0.41462419677409246
0.04816693695560822,0.05550272632832611,-0.30328353502521443
0.05727409803756651,0.09729094307488827,-0.07941028957327093
0.054367659828048656,0.028571003000621972,-0.37213744899749884
0.05552222066177659,0.07296920525574258,-0.12988738612412837
0.045486566465571476,0.07934077755170452,-0.24594457146215992
0.045567370628067,0.08922297081491358,-0.2177985018257748
0.04717285857851544,0.030421732067868145,-0.5860002113526545
0.05473073379301265,0.052843275163700416,-0.19433440064369076
0.04794633850930956,0.033006727827366314,-0.5166722851136739
0.04267062288659359,0.11374847874421591,-0.196304841699185
0.04952242755850566,0.050096452949701144,-0.308955455529645
0.04931618629424349,0.029778769418472434,-0.5266776973002617
0.05359682157026,0.06297385443854882,-0.1810779811940439
0.04789596745778349,0.07671481283230122,-0.22295606168792945
0.055585756703250874,0.03684928029279664,-0.25547970603348363
0.042807206701329543,0.08862719123467966,-0.2504061449934166
0.06068437736257936,0.06229022647729147,-0.06928250034528204
0.059765936188063785,0.04452324953301346,-0.11755799198922398
0.046779618771716235,0.046621916408154274,-0.3908115030873545
0.054845212673867716,0.07088886989880702,-0.14324938936998316
0.05378951982813791,0.07713332783927387,-0.14533899270133738
0.048143462208780824,0.09504431698213445,-0.1773545049977866
0.054555872638171306,0.06991199236779029,-0.14938963986156534
0.05026182188760345,0.07114413083289482,-0.20715943732609468
0.04365499792403484,0.03559128968122636,-0.5997254459487651
0.05870357437400279,0.10425052663105024,-0.06039706301226368
0.04915139755993946,0.04068143494201997,-0.3895782551094448
0.04771304088767,0.09996036287839985,-0.17293813882367862
0.058236903168973286,0.10045595637113677,-0.06732400024186026
0.05106908297206264,0.07598624461633684,-0.18333472193916334
0.05377533048621769,0.02445213281988549,-0.4590466441706037
0.04647507401235573,0.050997878305124,-0.3632489547272594
0.060362653379997924,0.058548699642111034,-0.07920494645224667
0.04638824074947096,0.06658424439063705,-0.27952197131407547
0.049624861606367664,0.05503082166309534,-0.27939140156330217
0.048344859615545195,0.050171867594356406,-0.3319617383812171
0.058441358508941006,0.0392390878430522,-0.16714561554774496
0.05303278881501189,0.07632618719577247,-0.15679037070583488
0.05383780988329118,0.05297231456660805,-0.2107174324556528
0.05248004029475972,0.06547582664828751,-0.19121499255737512
0.04926492128292202,0.08014257104520547,-0.1963385815037354
0.05717586623642723,0.08778874052620114,-0.0891245701518819
0.0630557985323558,0.08018888695208938,-0.024245273148707173
0.05358204613835827,0.03904619920093263,-0.2924216465445121
0.051137882753749545,0.02714177638520509,-0.510729918687513
0.042901208106889493,0.03829659743879121,-0.5770432197907562
0.046738673537416134,0.05511870353265322,-0.3313090710082751
0.0506159202835333,0.04216387574976395,-0.34114699990660197
0.056123264965234405,0.03478108249605442,-0.25521733073640185
0.06148966841396821,0.07295338802191971,-0.04811745802644656
0.045174070752153545,0.04380597275987825,-0.4525850699976913
0.05056251722493003,0.04833472283471972,-0.29869795311413816
0.047091611377121194,0.06780504749429343,-0.2641158628254925
0.06106061512491457,0.0739384937681116,-0.053279214578542324
0.0450237643587389,0.03484261554766159,-0.5733276715100619
0.058775513552324445,0.07165764437074151,-0.08686423482568559
0.0478915446218576,0.07414619594869667,-0.23073948918404533
0.05014032274036125,0.06391392204495082,-0.23249515573755436
0.06477839960036338,0.07702014075232286,-0.0028771746905686428
0.04414040565101898,0.04486565289933578,-0.4649345992085148
0.04989504157306081,0.03547264588862496,-0.42581989723475666
0.056247001405632505,0.0531514459527972,-0.1646803475890547
0.04574180616712412,0.038228324457910946,-0.503767667193444
0.052143331506952946,0.08206195029042604,-0.15667027712046727
0.05527522607125401,0.08034281188868167,-0.12104099545607229
0.056166065609938746,0.047093700130569495,-0.1875820834967046
0.04796934493446786,0.07637861564702365,-0.2229767444887671
0.06282926764035823,0.09760994348942219,-0.022238844548424595
0.04695610025853587,0.04698898666249887,-0.3840027424099501
0.05562861749191378,0.08107342445561486,-0.11559129975096537
0.04720202797663532,0.0350776494901346,-0.5073878176578013
0.05022758467703955,0.05977536821400443,-0.24713215099023864
0.05198108233712138,0.08512781352188685,-0.15293377245653544
0.052924406959787215,0.045920774593645936,-0.26296579591851416
0.05081449632707136,0.04851405949394991,-0.29239984905195765
0.05458930227951979,0.048393807029128266,-0.21512458637969953
0.05756226773758385,0.06754022580417518,-0.11012299964736527
0.05566344811081004,0.053856531599726344,-0.17335969494993259
0.05964102388059874,0.08306335546165888,-0.06451673050789412
0.050851357390365635,0.03321348671552297,-0.4259908852936456
0.04845712531176122,0.039682356151700474,-0.41688237021505303
0.050572287197031274,0.034105213508451755,-0.42303540481848434
0.0570559582436608,0.02008441597701284,-0.39553262417146595
0.058000304562997464,0.056929446435712815,-0.1229538643926021
0.04006949213662396,0.09523579296742173,-0.2617766607131026
0.054681089912277915,0.01940963995805662,-0.5316384080292473
0.04695030480169424,0.07761480416330781,-0.23255479921495067
0.05591270533552283,0.04742243496713562,-0.1916243792790224
0.0626983541735307,0.09400003651699324,-0.02448558438648278
0.05258286620979371,0.09777804896950014,-0.12699306154165096
0.05956154138176411,0.057885671655434304,-0.09395172350436623
0.04038504478520302,0.09073762798021219,-0.2712761592155014
0.05138340383447259,0.03215882233232987,-0.42341712718249613
0.047219228465036844,0.05244720613305351,-0.33902228251882577
0.06143993016415803,0.08867504675120733,-0.04014736914467429
0.04857015738887353,0.04435446283405894,-0.37042140883533164
0.044980898617075195,0.06885217749033201,-0.2907548041706571
0.05710572273049692,0.07917337528625167,-0.09970873719809585
0.05299357430031662,0.05048370739672809,-0.23782773331860196
0.047328603711577134,0.09662698828075386,-0.1828826149178723
0.05798073480221244,0.044065843332658915,-0.1592903860887943
0.049393396380648,0.03263749781076352,-0.4781801506304537
0.05232342186639623,0.03201456799676498,-0.39596280464833145
0.06053834284638826,0.09161440080104215,-0.04870039114594077
0.04942938206888158,0.06297278775114873,-0.24725946694069276
0.038659322270105725,0.12635030676168135,-0.20847339753260255
0.05833194893206236,0.05872200554874999,-0.11355284966215846
0.05567655597047761,0.07131382347117975,-0.1307382436630999
0.05686884451346724,0.07001087959437541,-0.11614131308794479
0.04759339649987294,0.06443889629785121,-0.2701257237502919
0.05020434578157345,0.046723015943029536,-0.3166673623223989
0.05046299785790209,0.04183424900836605,-0.3474904530780698
0.05815038890790993,0.09018518539179918,-0.07595051296210927
0.048011455716597824,0.09438002731447734,-0.18000147665560418
0.04962282892170971,0.03905127531036451,-0.3937687298578204
0.05574122961747674,0.08564854635053087,-0.10810189754570042
0.04932061432575411,0.08231125365529465,-0.19048896691463912
0.05286296820304658,0.06456893403140937,-0.1879701435221061
0.054323657492053576,0.02994689771329295,-0.35650913193613937
0.05576057219730013,0.022566287075104788,-0.4094350023975741
0.051781049528666245,0.03407860367734597,-0.3878958949283818
0.044502426217493556,0.07362542637430211,-0.2784034645626287
0.05958232283902554,0.08263600381365793,-0.06556073516322485
0.05472495154422249,0.08122625024810155,-0.12649911111731602
0.05221389728467387,0.06279063655737621,-0.20363072292861012
0.04780738565976597,0.03174074980203199,-0.5416574733572737
0.04720737855019662,0.03731741987762403,-0.47679130840640055
0.06130766864735077,0.10003301349312022,-0.03691112787383107
0.056108412338257065,0.013428699401269147,-0.6621331966744741
0.06299783702991607,0.04998003090634007,-0.04005925834331473
0.05881666584505437,0.08252195211136425,-0.07492956718475535
0.04975966229621823,0.08260134760811103,-0.18450471021474296
0.05162742363804169,0.05338538530144358,-0.2504913336571294
0.05144116269068209,0.02637308562082451,-0.5141164558542094
0.059904180452438775,0.06694557527556064,-0.07611884021588985
0.05424692212943774,0.05630729393892261,-0.19097131327650535
0.04123273063052337,0.04775602497232358,-0.4976810650226995
0.05540538562652503,0.054188213965055715,-0.17706090810932137
0.053627165424339616,0.09639731495162905,-0.11797874848865998
0.046398029151443525,0.10276865816978178,-0.18100820989434913
0.04451405066006028,0.04346239421048092,-0.47134884564181595
0.06461301798150587,0.10684374233619275,-0.003621943691156564
0.04332427761326042,0.08618162901277182,-0.2515120987505041
0.04851802165978849,0.03192352937986371,-0.5162956183224463
0.05308361000313341,0.07000819024702407,-0.17021422714713214
0.05094154089608629,0.0825183480445467,-0.1703676750330047
0.04420867113739134,0.0791687842800722,-0.26262028717096403
0.0551473376645714,0.06671026139922603,-0.14769335524658744
0.0486107254571592,0.029521352680488472,-0.5551667879254379
0.04788285059570239,0.07053770085633893,-0.24266667606815495
0.04685595215195775,0.08017537139579718,-0.22630450638602675
0.04935502138541292,0.06177372523941421,-0.25326267039833517
0.06063801679531999,0.061767766748277574,-0.07061908555730073
0.05783486967633614,0.06599026049209723,-0.10857860342166609
0.058268842781642544,0.08691687357643701,-0.07744361872885246
0.05195649520008197,0.04560100502405847,-0.286035467705952
0.047370121665560976,0.028302028965780518,-0.6229192386084758
0.05388777410624461,0.04288245688479488,-0.25913221165496064
0.063720843957959,0.10754270113558007,-0.011894401279993473
0.058572909479159996,0.05090370852870937,-0.1262597698007635
0.05276044304159291,0.07420605199681518,-0.1649401447597886
0.05313400119073991,0.029262568481436806,-0.4055009325920069
0.043359602121976974,0.06472029533114558,-0.3343680335094043
0.05328210584716773,0.06575551005953909,-0.17820398841438795
0.055659162493665974,0.014625975269771134,-0.6386471557653737
0.050715393962086325,0.060854415048631955,-0.23473409491321376
0.05407984901644635,0.02828118954717229,-0.3861277109769065
0.056118378670211015,0.04699293524018723,-0.1889990758056253
0.05680604135953519,0.01765561650199073,-0.46409926493027975
0.05566182576936115,0.048979741906285186,-0.19065380639420149
0.041023781818021327,0.06781530907349456,-0.35355170550051684
0.04872883725557016,0.025276242137166758,-0.643733457534194
0.04845234918048735,0.05988961457413715,-0.27630250982878457
0.05408116657099057,0.04370522531172247,-0.24982901589299947
0.051812977053766016,0.07920752472745042,-0.16648699718378965
0.049402403263925566,0.04782971227217386,-0.326106848548799
0.05034678010541444,0.06600114623449796,-0.22201462748121956
0.060423184530385664,0.029031234096157932,-0.15765142654476566
0.04974835063006847,0.04450917741282939,-0.3426630249413545
0.06603041075228819,0.11584062728309244,0.008895072276931459
0.06065910799943886,0.07031039365657675,-0.06173898018212985
0.059743690722336776,0.06280975737865634,-0.0836861898060666
0.05053408707262755,0.07167448562652001,-0.20182792804054633
0.053680533966548455,0.029971372887166763,-0.3776759268274411
0.058550778137254636,0.0387249764370098,-0.166539077776734
0.051925785779815395,0.04765171166798383,-0.2743702956838147
0.042608349722235886,0.05582525582070514,-0.4011025108363092
0.047944691100947893,0.04185504168495872,-0.4074851729315374
0.05108303687907876,0.04240899745695489,-0.3281606252316375
0.05357868455726128,0.048166159832212944,-0.23712323096806825
0.048729874442790484,0.0465790524111688,-0.3493013428780754
0.04526111050726383,0.03541740209038563,-0.5573217776493683
0.05009737047994063,0.04038381480664724,-0.3690248083647208
0.05489674364411141,0.07353426567279771,-0.13739521654903883
0.04629000346265277,0.07379410121510256,-0.2535432538545246
0.06220703362334492,0.08871459895071578,-0.03148260162013108
0.05433636016581559,0.031711272160848195,-0.3362728489760843
0.057251758975536714,0.05879687526332057,-0.13177980955217353
0.05145940294313795,0.043052721894508324,-0.31451198579361483
0.05018533112723451,0.05206599283121323,-0.28453637522656045
0.05700910556965663,0.06888603064935823,-0.11600166760977128
0.0494719511766402,0.06604409295326967,-0.23511639162561995
0.0510714362558958,0.0378752167367302,-0.3677487535166159
0.05613804031625644,0.0494470056609885,-0.1792213616432442
0.06274570316905873,0.08899840703919518,-0.02532963123652851
0.04127398601780915,0.11139647357511039,-0.2129871190778163
0.055963816090914206,0.05355633956037167,-0.16872295573710205
0.04412006523946012,0.07632774079371027,-0.27355630526222097
0.04884976463601938,0.05402704115884522,-0.29892874045234535
0.050808453781827204,0.055591422205852684,-0.25528302128378916
0.052966122602077274,0.05273231983868103,-0.2282068650637185
0.04172584547528093,0.09739372919759051,-0.2389697439092913
0.054625082389125834,0.020140728204803775,-0.5151212759228657
0.05740458592373097,0.028101590875437177,-0.27028413124140865
0.05491622001757015,0.08080867118306521,-0.12478586561070783
0.04915225022600719,0.06842280502132081,-0.23161502614595522
0.048891161560139104,0.04199426487415295,-0.3835961526683547
0.041221424374461975,0.11028633292200232,-0.215607636916851
0.050593196283220364,0.06328480957789916,-0.22765026572523497
0.05948863465187497,0.02766765769208126,-0.1991988410967813
0.05691093687804365,0.09124294360405147,-0.08865412274574158
0.05700883925329125,0.030040093149511938,-0.26601651023304457
0.04870605638239705,0.06855096183313822,-0.23769095548600017
0.05213810415097755,0.06146504246653749,-0.20925546185093208
0.04267493109233343,0.09089827400847456,-0.2456049815157676
0.06371373188138611,0.11289262532732021,-0.011393730236005156
0.06523148474563838,0.12338628669568857,0.0018760978374306094
0.04528886326343971,0.03711897803674418,-0.5310258465911475
0.058562770154370836,0.08709587206442107,-0.07390970080496839
0.06112661896364966,0.058350192574859454,-0.06638163244073357
0.041673995260133385,0.0996850824382601,-0.23399694487200293
0.05729321009454158,0.06738336874389982,-0.11437228576014336
0.05055135420645981,0.034605471761128395,-0.4175248900889153
0.04442120821097111,0.0747903754583261,-0.27515294130988266
0.04752868271385556,0.08473770597376028,-0.2061811455169034
0.06099861033348426,0.08947281013896126,-0.04472185080921382
0.04219503679218285,0.04646403156313211,-0.49080896428092646
0.05523709431116345,0.04635008785828099,-0.21063402767838105
0.05700241209236323,0.07007152888170629,-0.11413462836151586
0.061553933163711376,0.10623942133202229,-0.03243679975928037
0.04328713802045689,0.050100986638744543,-0.43338192391508573
0.05392793365138258,0.044607648466325436,-0.2482100431045091
0.057896465671080054,0.09454750191355518,-0.07513190920067579
0.05636401983077465,0.051174383398979194,-0.16875592035755954
0.03981622983448467,0.12236506013186073,-0.2058085056173492
0.051634781112025366,0.09350824200620819,-0.14293091818673367
0.04372540946445369,0.0667120893007321,-0.31890157778813333
0.06354448784910455,0.08266459138215637,-0.017607443846987134
0.05717074713761107,0.04049684158849485,-0.1933299624189266
0.043910840099629866,0.06571572632890893,-0.3209149632588452
0.04656235998055617,0.03565925159347199,-0.5170506725614832
0.05301462907186673,0.08010966958602381,-0.14961203797330705
0.048173619396262725,0.057391292872024935,-0.293186993386922
0.05099719086147639,0.03324990633994857,-0.42113830322883467
0.04793037511119351,0.06475850966029602,-0.26358890867545737
0.047150318301693805,0.038126151007053785,-0.4681742380709712
0.04695197858703376,0.06623864640555718,-0.27246965921471605
0.05729908306180882,0.07761573824164758,-0.09921849759665069
0.04688644854475748,0.048660850503645936,-0.37224074934500695
0.05821221944131443,0.03310923532126133,-0.20501169818098303
0.05467671301278663,0.07257844828136667,-0.14223625927069744
0.059531350718833455,0.029695817931663843,-0.184155536437859
0.054168714286099894,0.03507698703969377,-0.3087860910528953
0.04454966333771417,0.04794509757081349,-0.4265365532332328
0.04443158493180297,0.08607973200225043,-0.23894608625941471
0.05777208942421162,0.05480554953529564,-0.13188282276293006
0.049693914809677234,0.029967008394783466,-0.5107645377436871
0.05034835949730275,0.035877516189524054,-0.4083794548457458
0.05840605431556738,0.06800974598942452,-0.0969558934311853
0.04623200570981238,0.04681655277145484,-0.4008837297741176
0.043046779891729836,0.08673213230273905,-0.2531151895544585
0.06212219061687496,0.08842684202876759,-0.03254452287450018
0.05195922328500339,0.025760641535500305,-0.5062287248174833
0.06350909807895637,0.10465297814627668,-0.014246149010301013
0.05491217971959794,0.08165181222478732,-0.123546802030925
0.05332306849492686,0.047411991927493055,-0.24628645687214795
0.04723513314672178,0.06279985678778882,-0.2828806905294174
0.05020573967975985,0.05691493274228619,-0.25993635777853485
0.04176432409578761,0.10440941802959025,-0.22254386953509558
0.048040509474733234,0.04491408343988268,-0.3775984997660473
0.04791561896542729,0.0677715562932916,-0.2520877779556587
0.052613092747758924,0.08766946938859786,-0.1412910028842047
0.05722218050178497,0.061105127732177196,-0.12728587250983403
0.049512798973366134,0.02396494824495678,-0.646243875360466
0.04803129512728467,0.027729028840389695,-0.6119473195541189
0.04684172992506611,0.06109176396395028,-0.2972294282687422
0.05723296302787194,0.0449480210808839,-0.17280042113870356
0.04802319580686121,0.06836154290553416,-0.2483385171191689
0.03849863844423323,0.10453989009968981,-0.2535047772720531
0.04535742644543299,0.09172873996247707,-0.21413761447723018
0.06099319163943849,0.08804303289794232,-0.04550965850081655
0.05980928299216744,0.08968859789245456,-0.0578748818668873
0.05404522692974069,0.04848431834557191,-0.22594466508076247
0.04772490160206773,0.044672143897450216,-0.3867085143168671
0.04785650110493414,0.037711891439568664,-0.45459133023167037
0.04150745562066706,0.08327281748951093,-0.2821154019712624
0.04746665695832388,0.027938473692127125,-0.6275698248547092
0.05951869306526333,0.06722732357879643,-0.08153391571973104
0.06671635911013053,0.10035887241113682,0.017102215966508467
0.04700049986265519,0.07977477757987102,-0.22562896047342276
0.04827349814082729,0.045322020829611114,-0.3690590479638203
0.043380225254525076,0.08236106725629494,-0.26249993432209323
0.05211494449484387,0.05742035921095441,-0.22439872690134574
0.0473971608244356,0.06557437782188313,-0.26844081118662294
0.048188737377373225,0.03287214701797322,-0.5114135871148006
0.0424625893588194,0.10530127601661855,-0.21402789684736365
0.048780456141092166,0.06665989650052233,-0.24331786741944228
0.050960040520329854,0.033137709898980565,-0.4236852674029254
0.05694689386098005,0.07734767617153804,-0.10411568307702164
0.05601115122376978,0.07184300655845524,-0.125117937107997
0.04787908531621665,0.05478026581582531,-0.3125379993836638
0.04646680516314931,0.06282375302413791,-0.29500298763956256
0.04678776266256064,0.058975858333704854,-0.30880834721198147
0.047301858547999884,0.05526805675473374,-0.3202236968551326
0.04223475613811999,0.10955449842583687,-0.20779834866654048
0.05015502595391825,0.05305667437688785,-0.27979465770188583
0.048849359867900316,0.04524038494140816,-0.35699608111241193
0.052582923430811744,0.05865905510411153,-0.21168217843178183
0.04775511512102414,0.04048010074970472,-0.42600894166750936
0.03931858265272925,0.08862515873674931,-0.28977569928596014
0.052081275692938155,0.05119136692755521,-0.2523613859607249
0.05023004630823374,0.040186210691639045,-0.3675378553380061
0.05495182814878176,0.07463188985479238,-0.1346364385354368
0.04639658708348128,0.08108633575662776,-0.22942722399437238
0.04804542504783513,0.02888797548948007,-0.5869076896142861
0.059393876539454014,0.07284777002516195,-0.07695669282133973
0.05150110795731992,0.03000332079626326,-0.44991326574627993
0.042650634482074234,0.09027236518810973,-0.24757704610213896
0.0586226365166489,0.08109321129442425,-0.07864238425824419
0.05488140040777009,0.05723163593827131,-0.17680081001255307
0.047880424438039935,0.04004306595849404,-0.427529090297558
0.05759058791396453,0.0610007033881283,-0.1214643713022736
0.05854291336194297,0.035001420856472995,-0.1844807004988453
0.04746903919287049,0.0809797637457034,-0.21648569959009872
0.04386886738167042,0.05603076638707428,-0.3771344563154916
0.05069681401976486,0.060851299893178314,-0.23505144516787202
0.05606745382734569,0.09022878469322035,-0.09899885278323484
0.051271068865726716,0.04802732609576859,-0.28585666224468126
0.05732938744360966,0.0731730726070317,-0.10482835123768225
0.038894832566018826,0.11410491374201948,-0.2287821494962304
0.05440458806275341,0.024684338330855395,-0.42923621428419406
0.06017612798597957,0.09110892105195141,-0.052946209419709844
0.04095680326797342,0.10427216625927803,-0.2305811569334999
0.0570195190585821,0.07847511995132118,-0.10169440895876634
0.05403325767290011,0.054794457593913534,-0.20014327741640162
0.046660265062717705,0.08309439680735071,-0.2207096464013314
0.05730225014201965,0.08991768006776873,-0.08560885748140684
0.0547424400418767,0.06185264252466673,-0.16583866977118406
0.04903848947191947,0.0743447617266174,-0.21469583273095466
0.04733075079033155,0.08708244168013586,-0.20290254692868745
0.04610663421166897,0.08604124951055156,-0.21958497692451653
0.05230280147981811,0.060061789240171776,-0.2114022689102556
0.05064611599240203,0.031235600238160913,-0.4595360389476896
0.05609562454374131,0.06065279040468626,-0.1468089991713012
0.057319289536401696,0.06603954769702458,-0.1163047103053427
0.060494246818529496,0.10423326312939646,-0.04322759401552083
0.05506771520793528,0.07368213482863456,-0.1347990909216274
0.04630677522973406,0.030674339171302693,-0.6094092089766793
0.05012000050632922,0.045293454521836043,-0.3285242790765079
0.04455325951761434,0.09384000474771562,-0.21788938030593405
0.047334290367756625,0.060352028161928355,-0.29271111792374477
0.04709329303962812,0.04505220102959657,-0.39746575197531986
0.060307806761321706,0.06711047193856032,-0.06991745256945894
0.04501085236936818,0.08234721680479296,-0.24274223715437546
0.0471436437730315,0.028682670610133743,-0.6225485928308139
0.051979975182776375,0.04670693162695844,-0.2787600119231273
0.056823639744677655,0.05268390484152174,-0.1551965496847211
0.043822974159107735,0.10080230496608768,-0.21008473812197775
0.045652403226094825,0.06809523774461061,-0.2841255484923605
0.05290337398795013,0.031685517725461854,-0.381771448926942
0.05376505277744233,0.019949769341407332,-0.5631617604339235
0.05380968280059549,0.07708221641470867,-0.14517378611948162
0.04813836767433704,0.07755964164874991,-0.2174021432696335
0.0526581881338774,0.08425359768255326,-0.1464840933276642
0.04635333946243446,0.06244653707240862,-0.2986019947902665
0.04924997861194757,0.03748416853200469,-0.4201779579185482
0.043258914268464246,0.07307736426556341,-0.2975077980717609
0.05193288679378262,0.055751075874750367,-0.2343831576555363
0.047781068496871595,0.07070912862247936,-0.24351780086361133
0.05290347789790496,0.0419760648843762,-0.28817665818401794
0.05182614323817717,0.07257654441650066,-0.18151672648150613
0.04765387443684779,0.02913054370475889,-0.5954617853671736
0.05666212688583675,0.05874614227523375,-0.14193056413984037
0.051487328750282245,0.06581431340936236,-0.2053150834480258
0.06171505503949907,0.07963543411909488,-0.04124979033313606
0.04845349215904476,0.041076874289595826,-0.4028180850446606
0.056763290364755664,0.06820110110653001,-0.12077091867444502
0.04792951812433864,0.03957031103290841,-0.43139620159833464
0.04971019048458855,0.06754564711029709,-0.22636261801510782
0.05668437154646591,0.02630191870236674,-0.31616052606784995
0.04968923776382719,0.064947091696531,-0.23574207614581452
0.047472136052053505,0.03671992481576013,-0.4773393201617768
0.04691458377577924,0.05880841293077485,-0.3075311052095496
0.06185308845567045,0.07296077632000252,-0.04313155236352398
0.05502607680466144,0.02070513454760887,-0.48171255165740506
0.06238741124343328,0.08000365422885278,-0.03265586780690466
0.05384944881639856,0.04368783381861634,-0.2552324116113523
0.05721028885171841,0.07963524885814062,-0.09781737685227689
0.04236577295972024,0.04750191102793861,-0.47649087269283275
0.046756431418629424,0.05846296959893976,-0.3120534024618111
0.049065137312420216,0.05625997883083009,-0.2832362012700863
0.05270119510462945,0.035339477702237485,-0.34801886431365864
0.052689909742636536,0.04363422297204229,-0.28212007499826225
0.049244387493662056,0.03458114791134126,-0.45561276759036456
0.05842491120216458,0.09366639237371967,-0.07019688312112488
0.05416001169981914,0.02332672821248098,-0.46470247355053074
0.053116363319491,0.06867153656054789,-0.17305039723453927
0.05771704925824875,0.014726757856967972,-0.4945386358957021
0.04819062881907081,0.05532156023235233,-0.3038484654143754
0.05499311457281018,0.0707448322638321,-0.14145040855946434
0.05840159052519062,0.030268603068134052,-0.21799517671682714
0.04272849764523734,0.0675813739809093,-0.32955089609533567
0.05647203282558329,0.04211895429907478,-0.20247338321512048
0.03967562882688586,0.1124282595172808,-0.22524916139275156
0.04549617911223877,0.05814551958853939,-0.33543119101485297
0.0454620881728417,0.03318562112719498,-0.588746305283024
0.044409524276934224,0.09986805632377745,-0.20617679447280302
0.053789127896085205,0.06339807881554473,-0.17683299420685247
0.054687903818293894,0.04691586851000868,-0.21979975025947143
0.04433295300039066,0.07251004182046077,-0.28502323927466755
0.061185861733293476,0.04516721462226737,-0.08444484121069007
0.056040432067782836,0.06469448790405817,-0.13849043747752038
0.06798090048463074,0.12764399750751518,0.023353236680441862
0.05089237181537466,0.059235349144940164,-0.23816232010561894
0.0534880155001976,0.04872282635876155,-0.23627497335716996
0.050860024414253566,0.027000950202996386,-0.5236843696033067
0.04419118001706425,0.04492772558177332,-0.4631621056592649
0.04772061737090182,0.05782451129370684,-0.29882453379210366
0.05664711854064207,0.046576816751755554,-0.17933560174103352
0.0526910017832734,0.049228986655249704,-0.25003557970685936
0.0507960665016896,0.02256203208634617,-0.6295502747248629
0.04869156115003292,0.02710494328207101,-0.6016776600582138
0.060025137951695604,0.03765871594711217,-0.1321038682065285
0.04076799886022608,0.11137683278838793,-0.21756769817484284
0.04146226011859122,0.0566437090300733,-0.41554023005294577
0.05453284013074043,0.03460308132721347,-0.302492132717317
0.048630930936645486,0.0567008777904679,-0.2886916340844789
0.05367674884138832,0.05054841873471321,-0.22400801928222616
0.050458992798565,0.04649322570406826,-0.31275539567827043
0.04685673070642124,0.03967337610888917,-0.4573159905469603
0.040984041008066074,0.10124488602705992,-0.2372066376321974
0.04667443564812303,0.0651064330702559,-0.28147086989241116
0.05222103782689545,0.04345876283359912,-0.29404799722519476
0.05650136470449129,0.04415547406560265,-0.19247070664176597
0.06597023318036817,0.11078998542426609,0.008757408683218924
0.04948556697871094,0.07514113973523989,-0.20647055761935776
0.06073287354075727,0.041456110859386934,-0.1029311812127336
0.04554392645575994,0.07195330917667951,-0.2703985927383294
0.04736696682369136,0.033176299357933155,-0.5314948778966877
0.052946257783908025,0.06257741259538996,-0.19262129442820666
0.058477857355178936,0.07076059821356159,-0.09217195458320854
0.046040358793392536,0.03227924053542483,-0.5873632988917512
0.041451328928631605,0.11095948208561232,-0.21222765849969535
0.04455809259037411,0.05645542024388734,-0.36208936752781007
0.05167679680230212,0.05459795500511802,-0.2440238502788056
0.05700074718507556,0.05621934936199098,-0.14228647086287
0.048672890028713216,0.05274658282071224,-0.30953872456123444
0.050486671408662497,0.0316121324027191,-0.4591062825641319
0.054324369366317786,0.040098807832283555,-0.2662331179104847
0.05025185926550664,0.02482703080058146,-0.5940356240323331
0.05283068212641514,0.043578430041212035,-0.27925094736263706
0.05974460965533754,0.07829699660303764,-0.06712122524069555
0.0650520772576081,0.10640173754009116,0.0004894399171674889
0.05357609919788658,0.04697003558293634,-0.24321677981150164
0.046578508640153934,0.07104520506585414,-0.25929253554508824
0.0499141346888589,0.036553996687401065,-0.41270084472981017
0.05724672858495107,0.09354567244868212,-0.08288220301481365
0.05007704510158207,0.06290783647500746,-0.23721933124097577
0.051890362953195754,0.05116981546749447,-0.25619863833849704
0.05669564075439839,0.05059455545956668,-0.1641354325612793
0.06069610491755582,0.06704022385565463,-0.06419869795946641
0.049620400924786,0.05122135471682204,-0.30025756171894175
0.03982980244301012,0.11296858163056182,-0.22280706010192566
0.0543510443444767,0.04660275738969282,-0.2285048407431476
0.05386182899472304,0.03825020034475767,-0.2911924880101573
0.053270177000848996,0.058852576982381825,-0.19930857067928323
0.06049566068734032,0.042973267420422005,-0.10481724064852235
0.055762801134733045,0.05243913865351542,-0.17615085034673264
0.055993597246348205,0.0341441256499909,-0.26377605465654086
0.05412576960888004,0.021660594583791194,-0.5020282499196601
0.053310959294454674,0.019655735367527554,-0.5946885469803547
0.05594702047563725,0.03128211113868024,-0.28939797203037126
0.043593885306338065,0.037763788873739504,-0.5668423463872159
0.04617433775428176,0.09242043632004283,-0.20369588150965698
0.06242848104296942,0.07456140100770518,-0.03448860834528633
0.04418335658272134,0.10566914297569589,-0.19699831787285838
0.05890004826465303,0.08479836715919599,-0.07193477822391606
0.048716804388361575,0.08210343305927999,-0.19832539279912573
0.05235465098593134,0.03493680765499629,-0.3619491837646552
0.04546359715679258,0.04704457430647955,-0.41527430381098446
0.04928164081357373,0.09447395724085937,-0.16637769439839006
0.04536475122309944,0.0333348265150946,-0.5890310773931693
0.050076249702695336,0.05019988490642187,-0.29728654408519434
0.05239581726033261,0.04619040021166615,-0.2728745081642311
0.05313708790071423,0.0423797242911213,-0.2799195204243245
0.05311290906307522,0.08744036905758593,-0.13594511396785458
0.05875387647722399,0.046089327017679455,-0.13552212468583133
0.0622267768885271,0.11195287064091415,-0.02477134436657676
0.05685603045035885,0.08516701626738518,-0.09562351608130595
0.05321182522751936,0.03845398694025868,-0.3065527325110529
0.04919032293574914,0.0657721355948148,-0.24037043835166622
0.05941843356704635,0.039827908705155284,-0.14014209167430333
0.056848569048586914,0.0560090383228995,-0.14553777739262388
0.048937072331260885,0.03722725538139398,-0.4314829955680079
0.05928170900965749,0.028522489655607164,-0.20048358538779823
0.06360249980192308,0.11200384730676419,-0.012477251734481512
0.05719894031168874,0.028928778392612944,-0.2696643315676021
0.04767781240097518,0.03329902814087629,-0.5202009958290926
0.0527053823949741,0.05843922567286386,-0.21038296561028677
0.04450734401137178,0.0842746556973942,-0.24316511078029665
0.060291039030699364,0.022983181953484914,-0.2048872509833924
0.061372125736463105,0.0855369448623999,-0.04241295114494588
0.049104290922047995,0.09444497369695846,-0.16830656471943004
0.04948177450220042,0.035064566688321516,-0.4425614505873255
0.058915427299933244,0.06514809523734119,-0.0933960183778211
0.057156860724849955,0.027062608629655118,-0.2898146066582643
0.06288114469753853,0.07473662455560003,-0.02835096333371547
0.055823968879605855,0.05793435099813163,-0.1583867077528852
0.05295650245162493,0.0640031425601665,-0.18817040955533582
0.061027559196709096,0.09574715521448184,-0.04148886506750304
0.06089988012349914,0.08184175194875698,-0.05009814402638942
0.045080062184744904,0.07834141469723734,-0.2542708462980764
0.04261404460051129,0.08731363831786933,-0.256385552483698
0.0539034419943011,0.058852379968347274,-0.18854901045067318
0.04428740381720237,0.09124366858223311,-0.2270031061292813
0.05986504317159409,0.042291040979053895,-0.12141949475656498
0.05681890447794984,0.06945317950622107,-0.11779295894318792
0.06274692024068733,0.10275107491433315,-0.021927554151536983
0.0564102036363585,0.0776712771415657,-0.1105916714615818
0.04685236252109222,0.0704589589799887,-0.2575632359834036
0.04888802365422813,0.03681667698125352,-0.4376271208283093
0.052598010702465316,0.05010918167603555,-0.2474993380996655
0.05057558309568334,0.06087518550348537,-0.2369506849961189
0.045369169662012855,0.03859790744897139,-0.5085983058522074
0.05151254449797969,0.03732850721220655,-0.3613178374732828
0.05492297551633979,0.028852816452770394,-0.34925618094009797
0.060770322890894554,0.08152597329546363,-0.05188134453515075
0.051317142685838917,0.06396136100385988,-0.21392379867175382
0.050516108261753186,0.0426448128122872,-0.3396401762156074
0.04371507807111057,0.0570818331018297,-0.3728843446726514
0.05138436222948791,0.056532045782993395,-0.2408481345744629
0.054242198378890466,0.06642884687216995,-0.16194472925009432
0.05858498086241532,0.02229213163527065,-0.28777055700832244
0.05448012885114032,0.01823668043567484,-0.576852305218913
0.051613585444982964,0.08600194303885016,-0.15565246646776243
0.053181674623460504,0.023644758588291098,-0.4998285489957145
0.04339263914398047,0.09311661860527903,-0.23204623599588647
0.052544318951470166,0.07057599769917701,-0.17648607819362194
0.059897600775931,0.04407261651018625,-0.1157725505788773
0.05401087015805937,0.04860749968802827,-0.2260788954887797
0.054778869847989325,0.015149006657237458,-0.6747062948267646
0.05695985917758383,0.035577321352828845,-0.22599061752514088
0.05176920738420014,0.0677007326513975,-0.19543056770046263
0.04636316458922714,0.07343793286843955,-0.25377668846098705
0.06202331649026266,0.07993836199475216,-0.03723723423220454
0.05818590255421326,0.06104566758416896,-0.11162294910431689
0.04556179768388716,0.09184942382133715,-0.21163118403359252
0.05462021302529279,0.06263161168757017,-0.16572760455990596
0.04397918337268705,0.03809471011087669,-0.5518040842450498
0.05009344690434552,0.025513166732297827,-0.5842690267368441
0.05694219569947016,0.026833134456924135,-0.3002930691330609
0.05396208304614441,0.01817564032240528,-0.6072917794400372
0.05767823996245627,0.08996051943094088,-0.08138859228313326
0.057189677618916114,0.022672933129567474,-0.3444778113378965
0.044925153043905236,0.05231870090110419,-0.3837030853277759
0.05693273478795507,0.034971364889502615,-0.23068202335066687
0.049637797972656855,0.027819413494534175,-0.5522115709003512
0.043323331274449026,0.0864743358422915,-0.2506716994633418
0.06253235484820799,0.09709796184461301,-0.025413974762323176
0.0411546468385279,0.11046307583576354,-0.21586718440581323
0.04836186106763178,0.08840717415194406,-0.18819896792281252
0.061585751688557816,0.06524238670684329,-0.05233175062683697
0.05119946122097662,0.07101002404016925,-0.19434634709061124
0.05736546454112406,0.09051808726081143,-0.08434265117510067
0.06491759514011909,0.0690659799191078,-0.0011931324217425978
0.04263907151799234,0.03894399737038014,-0.574181645231284
0.045857264679272404,0.03299904162924486,-0.5800997354954291
0.050128304859970614,0.049395130185026594,-0.3010761401847165
0.05613337640818499,0.05234091348987761,-0.16940139177222724
0.05286976017989336,0.034792629465378686,-0.3486439515063716
0.05152940397111823,0.025639666436611707,-0.5253810950382207
0.043704484094134875,0.08775745673051145,-0.24266332114956468
0.05392782162611641,0.0813249896920509,-0.13614730743661982
0.0540701909352102,0.019449812002757066,-0.5619493424018943
0.06507855601165573,0.10826840442256153,0.0007255672795280942
0.057148731573486974,0.04962724282156406,-0.15820480808781684
0.05938750772422697,0.06801495101452394,-0.0825185079465034
0.06339016192554268,0.08564661780709557,-0.018796283095302187
0.05424663853477943,0.051520779927655726,-0.20871891846979398
0.05326651004742859,0.03532438702312346,-0.33216400740062746
0.05364884426736167,0.045741189716467116,-0.24816048299136928
0.05601821365126865,0.019370548094813336,-0.4636826126327484
0.04518062352335653,0.04739477728792227,-0.4181763816768498
0.05955728886658061,0.06824225130770456,-0.07975573825778674
0.04581170081456956,0.05693900286685052,-0.3369974572667083
0.058930954573427875,0.08524538896318566,-0.07119499952300204
0.05092107508041864,0.05464842754281106,-0.2576272649117317
0.055914792725358695,0.05261976784375397,-0.1726576844964118
0.043381843922429573,0.08773763506785626,-0.24639547283045588
0.044523706685617156,0.08384327470470541,-0.244221058713415
0.049313026678673266,0.03959562908659887,-0.39617941887014974
0.060904565689405575,0.030424659180408202,-0.13460904479849228
0.04797982478096058,0.0616254924960809,-0.27618724864749483
0.04937461135816232,0.08976272233132043,-0.17407436222982733
0.04711844560221645,0.06956569199817257,-0.2570455907813478
0.05199417844055058,0.0622955346038008,-0.20877614490615365
0.04424718231688495,0.040516368000912364,-0.5122082434103602
0.05061940997772068,0.08050573383757514,-0.17862814655280299
0.049440153887311836,0.062104684010509115,-0.2505422314048839
0.059727720519414725,0.026398609054274925,-0.19971807869670685
0.04937498812841411,0.05766833406898514,-0.27094612882166214
0.04818765388105753,0.04784914089943353,-0.35136150415485323
0.04514719028595186,0.062609660181877,-0.317088603521837
0.044885047710674864,0.0385410858075304,-0.5219093304681871
0.049269210878841764,0.04766948031180196,-0.32999707608021955
0.046404850835488565,0.030462304059637204,-0.6104314738670789
0.06207044258970696,0.09595419922164189,-0.030530789002012722
0.04659391864071124,0.0410600099367068,-0.44827269617473003
0.05371744145557806,0.07054659873300127,-0.15993058130446805
0.05285906662525956,0.0715371954772634,-0.16971497545775585
0.054614108406786384,0.06343703908185089,-0.16371967770773502
0.056803244341145934,0.021920107466006953,-0.37393774969239324
0.05704411486078674,0.039393620883927234,-0.20195871719066313
0.0584816067421984,0.032271743213931565,-0.20198454154120943
0.061803375865588074,0.10646438933016823,-0.030025289719161692
0.04691963944742269,0.0297028157423354,-0.6087086392556175
0.04805343635662471,0.05903099503904133,-0.2870790782396154
0.057401342817793126,0.026656376978437576,-0.285059638387972
0.04019532080804837,0.07744992258212281,-0.3202673206761489
0.0533011369964741,0.03406325539563992,-0.34344524231889345
0.06291702227851603,0.11483917886478019,-0.018138215041894504
0.04571197818714264,0.0348622990052477,-0.5532630481413174
0.040249457702694225,0.071411271481328,-0.3465915363764015
0.056374807050476,0.02769922081747133,-0.3113875659666083
0.04442432825659555,0.07998076920358348,-0.257257737682305
0.052334867397820214,0.07076978299264927,-0.1789624337762247
0.053083797951503545,0.05484177588673725,-0.21728330010878133
0.045440454596105365,0.05106554501539055,-0.38302823161878763
0.05578914207967117,0.07318186796010007,-0.1258625692002114
0.051361868931343105,0.043468870154586024,-0.3137447791984549
0.05253799438016359,0.04318726090612767,-0.28855744398617844
0.04550855480070639,0.09536712511508975,-0.20438327333209627
0.05418802808181106,0.032779768021454575,-0.3298367429297376
0.06475260547047207,0.10232001336810115,-0.002417850832739043
0.04519682496290664,0.04489036086950507,-0.44114537405169446
0.06009022920636435,0.03547484822743038,-0.13840146016013807
0.04356861753982824,0.07361233073656147,-0.2911384851658733
0.04625207288903994,0.07384439117093218,-0.25388423973275204
0.059659161393195326,0.014930746420933791,-0.3577074083393784
0.04562721555244154,0.060363290921822424,-0.3209365187303737
0.06373853590433956,0.11130921747993747,-0.0113329706579584
0.04909425015731168,0.07023132751090229,-0.22647656546459574
0.04081575542441201,0.06768918647224777,-0.35728372338325287
0.05145004485960172,0.03930330160940574,-0.3447536106522821
0.05103681128987129,0.039816493668415796,-0.35068855701889523
0.04715560577764626,0.03333432056033843,-0.5353159723190882
0.041210308200852905,0.10078842071334455,-0.2360359615794367
0.05207867885592153,0.04533194982134737,-0.2850378418532896
0.05326336541030976,0.06805700541511703,-0.1724529975731678
0.05258645459628582,0.05578261923141838,-0.22253428710860026
0.04881486986812533,0.035683203173696505,-0.45357839802356553
0.04780960095187711,0.027994257158608333,-0.6140687695596445
0.052181270013937325,0.05997252622901388,-0.2137433720419326
0.04610746067523033,0.0823834667926664,-0.2293244028236433
0.048866003900689056,0.03392849542102703,-0.4755293713764854
0.0508477500329742,0.07635657513254834,-0.1853442214040996
0.053453689560901116,0.07992822708406198,-0.14445848307076073
0.05035735784203553,0.04670882232700615,-0.31348771877509696
0.053717655240152304,0.04427082453076746,-0.25484830877741305
0.048716889772659096,0.04658482243894781,-0.349536809948796
0.04823609388852172,0.03148532931003242,-0.5324354700694416
0.06094273896578664,0.07498011838697552,-0.05411115801756497
0.05653815201118021,0.06385630099370865,-0.13251390790164128
0.05241099670739288,0.053643377361307185,-0.23467954315806247
0.052453069292287005,0.09725522342340374,-0.1290103530284387
0.059032283553943236,0.03519848253848853,-0.1695447080575488
0.053729356001909284,0.035266426664236426,-0.3195856531027637
0.06030265532050379,0.09321286538296732,-0.05039373760475081
0.055180740338685016,0.04357200124739402,-0.22535709584609134
0.055659391741567144,0.04478819366730737,-0.20855068029347493
0.0594111874938995,0.09174798662419946,-0.06091482452898203
0.056333320878725765,0.06686181688556979,-0.12962075404123055
0.051547559475267374,0.03845572382921781,-0.3498163390312201
0.05301738238773792,0.05663217867123032,-0.21158673202077188
0.04502627433708544,0.05208654843188822,-0.3834718610512945
0.046464253836719635,0.035025896338117674,-0.5292011940065171
0.050756274554898596,0.06486453954629877,-0.21959186860387056
0.06784946562825485,0.1314040744559946,0.021684758559058933
0.047888901397305124,0.0765083135350488,-0.22365018665397984
0.04852551887927341,0.03457170518011115,-0.4765307651126287
0.055847955554725166,0.06668927190967462,-0.13723413351506614
0.05087954638792346,0.08242478468415113,-0.17131319986076543
0.04829424506519012,0.08688619166178273,-0.1922716903030978
0.04842223570783476,0.03056408656638316,-0.5423935786911035
0.06201193260186416,0.07477532706289788,-0.03996060619865164
0.04471681786400581,0.03726694833687542,-0.5442673210761426
0.0592986020739688,0.032468369767628534,-0.17559852763890788
0.05770307080377284,0.04432566956846364,-0.16462084537621294
0.05034761443723319,0.052330954899067,-0.2799946148704434
0.04275391146494025,0.10332458969625637,-0.21530294579883308
0.0485356647032721,0.03202880284850993,-0.5140477892539737
0.05607492557469569,0.04621490428948323,-0.19312112753493943
0.05441275954229158,0.06948701092676506,-0.15236287065026743
0.0553585879263187,0.05094386791703892,-0.18925559577419893
0.04898616855249336,0.06317047471123861,-0.2535018380138535
0.044215801391612006,0.09202101003206276,-0.2258636218092606
0.05677740094864141,0.07799468492379431,-0.1054251204347141
0.05449771039024496,0.03319524471876498,-0.31637933983412364
0.047142651971079336,0.08256524197547423,-0.21628166528265177
0.05096842104396072,0.02809660908496279,-0.49940471156531624
0.058076159158564365,0.010771295446600751,-0.6428048395627929
0.05158489433190311,0.05720246371809576,-0.23451971814027098
0.055023774915018996,0.030494084198828753,-0.32715280183309076
0.04618528686985843,0.03640892086934328,-0.5167610761565793
0.046408706942057204,0.07632009608880748,-0.2435963004594442
0.04410703585659452,0.03729752945904555,-0.5601701894584451
0.04611557172312753,0.0319955205591298,-0.5902210042800468
0.042242488871806746,0.0922400991525453,-0.24672036714268078
0.05176429584842459,0.07064472370312412,-0.18735587681249705
0.05783784741481971,0.03806131671470547,-0.1881740623653491
0.05819088255636153,0.06937201321399543,-0.09815366641636929
0.05322116546519825,0.08543229222738048,-0.13787332901535698
0.061879339683023483,0.041831005599539235,-0.07460160883655383
0.052514695049832597,0.05109241652618132,-0.24436708613634575
0.04794044383408167,0.06033438869658924,-0.28275012864898263
0.0519723564403987,0.05034329042680419,-0.25877616359905264
0.05821478348937815,0.050505931780180265,-0.134344942692148
0.048608200085404805,0.03603725351283415,-0.4548570802921342
0.0503081450342741,0.05802061032317088,-0.25321786316781675
0.04556396132693642,0.05723159818291189,-0.3396032836781196
0.05810446003144146,0.022523710615485807,-0.3061458250053004
0.055910376979325556,0.04910325821234315,-0.18511242128510275
0.05379283220724865,0.07664031820635693,-0.14623070539158822
0.04970521156527508,0.03269249691418564,-0.46783787958662587
0.06351383541932487,0.10381756954214218,-0.014315154816563678
0.05644890407433785,0.042850967062820086,-0.1995543277500863
0.052909373062653364,0.07731724170832502,-0.1563768529529009
0.048652361391794026,0.05683100375556591,-0.2876535258556809
0.037515149812147854,0.13417078853939599,-0.20484973284465635
0.04184194905123215,0.04337229472676405,-0.5339364932074381
0.05473525649743686,0.02155206755375669,-0.4762765092936023
0.04313684857487322,0.0842573877740313,-0.2594805274970221
0.057673636239804094,0.08398660374602238,-0.08723252796780566
0.04680952686911513,0.07620404124408195,-0.2387074600495358
0.043960542538479044,0.07704729218181165,-0.2730719907959035
0.048196284785284746,0.07964641559077067,-0.2109789259199563
0.05541721996014918,0.0539962770894111,-0.17747112498113407
0.05951634747429944,0.010378667156004736,-0.5283580678784862
0.041410992575852505,0.08469231298947219,-0.27852595579813444
0.0505867873127511,0.04952323469330173,-0.291039403554921
0.04521251293630139,0.09773376470427292,-0.20246316228145367
0.0437276090018269,0.053020069385222746,-0.40121394115153575
0.049607426714272866,0.052329808523089785,-0.29414541578028863
0.05370612209053778,0.06895624069593907,-0.16378326015860278
0.05921104005038099,0.062335927325162466,-0.09286715058271452
0.060175305205655304,0.032419103535093585,-0.14882258508851057
0.05694851670676501,0.08028245521126223,-0.10028945019241896
0.05973966832309893,0.051874704685092005,-0.10140456141069482
0.05259645197332585,0.06670264169410148,-0.18595287550314513
0.056455674776361486,0.030949337211014696,-0.2760745784435616
0.04604993530497098,0.06580412927700263,-0.2879768322024091
0.042089835794782995,0.06926432701647725,-0.33076426483963267
0.0458337328412679,0.04106483155633631,-0.46673190738498826
0.05157846917272324,0.09073173677817938,-0.14792542613936369
0.03847139500923216,0.12642547791755743,-0.20983590829743395
0.060337746642631473,0.006881266482721735,-0.6775283836304035
0.049245685283863604,0.06046178193972244,-0.26056649689621636
0.0453300544240843,0.050703232379490905,-0.38794263507097543
0.05000633641068156,0.066903606916763,-0.224108449159887
0.0421625217092666,0.07220061024303227,-0.3163058901283641
0.057567221337148894,0.05755925924019578,-0.12913263236821715
0.05837933804311684,0.007874969442072418,-0.8407222409666691
0.05020779246010285,0.07641639467745215,-0.1935737429426492
0.05568712810294049,0.01330507149742706,-0.6999490306279404
0.05163227785038073,0.06360573867921883,-0.21016534714008056
0.04469693832107865,0.09874494766282,-0.20561114426076074
0.0529765506093795,0.03481384743258554,-0.34536399385052247
0.06038326123442642,0.09139208196076237,-0.05051574126033913
0.047292767240159066,0.03405790708933299,-0.5199154696557053
0.05909318129837275,0.016182764719180967,-0.36500677134767134
0.05719000796203451,0.08977607270728166,-0.08699413777466378
0.06327363222372769,0.07813147482139354,-0.022095676297148457
0.05122265849126857,0.06025794590031709,-0.22863941514904726
0.05886114528403508,0.018219127096802405,-0.33694560026656495
0.041293206081945436,0.11319790958187294,-0.2094278419594674
0.06302057252576952,0.07444244530375846,-0.026590038333017287
0.059852750225808174,0.07547899572544906,-0.0681944655558837
0.049479265491510896,0.04634189818287112,-0.33491797093080394
0.04687945482394326,0.06135271266106025,-0.295350350296045
0.04558189325114647,0.08233212774164358,-0.23585090391186203
0.05410864811051122,0.02295493908642966,-0.47446659947477077
0.04912793057662072,0.08203121199217064,-0.19348817404885074
0.051081544350169907,0.02838544358519353,-0.4903377890874416
0.05972622549061924,0.07420005213301448,-0.07107507822132991
0.04852499076331773,0.0713199832301211,-0.23100130553205536
0.06394622154737326,0.099032436498767,-0.010640740447094493
0.06614959290448708,0.10997688165902755,0.010453041467853877
0.03840621925495617,0.12243671517740927,-0.21720429779996772
0.04117227952496285,0.11417144070401637,-0.20870123323405632
0.04897531538693792,0.06929808077098101,-0.2312428343581561
0.05790800568030476,0.07665823300704905,-0.09251445071846491
0.0447836699921652,0.03881979680489454,-0.5207737204148851
0.06103542050900678,0.09341968746041539,-0.04243837245412673
0.04648870217128205,0.03318632042172519,-0.5577990447111956
0.0633171787026878,0.09789180448383851,-0.017190624957679985
0.05389962292213623,0.06108602492439991,-0.18171712910770677
0.05303515076836196,0.025437397508295472,-0.470364518529702
0.03773959782867681,0.1348597049791607,-0.20213897231597555
0.05340887603080281,0.044440630773084876,-0.26082266987572245
0.06171486730145416,0.09631010682327017,-0.034109947615093894
0.048767662787455694,0.08601946381858565,-0.18870539866161193
0.04710729663691386,0.03873724358448488,-0.4618992397861928
0.05469150291643066,0.03838902878864253,-0.2685271654129248
0.051048098855265386,0.04009259498103003,-0.347991970869833
0.05721611928258035,0.06178438058587767,-0.1259846039340054
0.05269474595734039,0.04801597631084545,-0.2562741609792115
0.05759971546290097,0.10087288438313917,-0.07336247577684994
0.04973163044613986,0.031827739678057965,-0.47971894040550267
0.04829245161559977,0.052051770709854554,-0.3209794432840902
0.04586165118147745,0.03556330116330791,-0.5381488273723127
0.058425304902060375,0.08285373961151327,-0.07935302774222655
0.04635488809390084,0.04044592638708138,-0.4609886228753681
0.05806637805928163,0.038683918318268666,-0.1792378394471983
0.0471805986588509,0.053338289501303204,-0.334082729456739
0.05385451239467304,0.06855133878345174,-0.16258599471754562
0.05540050205876443,0.02102471074478003,-0.45658168893566903
0.05099416192620398,0.05835564031124856,-0.24000830081023508
0.05499250998500311,0.09957990877539824,-0.10049707956219074
0.05169256079220543,0.06976555979896856,-0.19074510755937935
0.04682641903758362,0.057666784328752725,-0.3151481597935229
0.054866971573953975,0.08167636129037047,-0.12406317159528871
0.056522407155807995,0.03594166586085542,-0.23587089360332278
0.05198818403419094,0.04018855149580913,-0.32376921987760454
0.04645150863061787,0.07539870360184268,-0.24600544151701859
0.05351577246127539,0.054761269708238844,-0.2097144131228354
0.05295184729019404,0.04182959312343206,-0.2880294023959043
0.05590525820796666,0.07938304349301142,-0.11456781438260188
0.05734228751710709,0.062208499242083964,-0.12309752809006005
0.04709099732270158,0.08083941090509963,-0.22153801563846695
0.06174374501301558,0.057847800727180064,-0.056290039483808035
0.05769451283283612,0.060490110448224464,-0.1207715957704672
0.05051638147330049,0.05689232181404039,-0.2545794944709941
0.048000727359902254,0.04090225530150595,-0.41560722055030214
0.06019408395670416,0.04128785761566067,-0.11640022807753855
0.056732288833028874,0.08306091099995805,-0.09953793026632352
0.05198180224648903,0.03882334778465265,-0.3353187835763413
0.05508158679283854,0.06184138570035734,-0.1603847180142367
0.05675663076464256,0.07385332921305182,-0.1116181128622787
0.06299715578719337,0.09174710576954641,-0.021830053340728277
0.05731744376089316,0.10110015220185468,-0.07598956155642572
0.060030717387150725,0.08444247658798992,-0.05884813915507598
0.06383946036427289,0.08049180682784689,-0.014418108891619668
0.06208913855759164,0.10446406777966728,-0.027864714674407175
0.04876937517750673,0.04268760650176814,-0.38021866655421394
0.056898317648607755,0.07560606626683126,-0.1071565120555213
0.04947527670886809,0.04787640276022514,-0.3242667033461749
0.049062818097891696,0.0661484804538492,-0.24093043094508326
0.05183668804209607,0.038314309056149555,-0.34356125119242326
0.053364674387097674,0.041538690010505884,-0.2801081500153121
0.059327696024773294,0.07760779552502625,-0.07308935831578357
0.06471234658456668,0.11402861234006828,-0.00252264242745895
0.05082388510295195,0.048072126085132394,-0.29489261348547674
0.04406247195200757,0.09927308440850599,-0.21090840657106094
0.04980948447517707,0.04766246454524497,-0.31871024022274164
0.04825482749165251,0.05252679555597238,-0.3187929575963546
0.05921531786621619,0.03954772156749933,-0.14627093305263159
0.046590694250197615,0.09513762372275675,-0.19350184532093706
0.04743541154181461,0.04126183638147704,-0.4256860575907464
0.056218336902804,0.02281191234069115,-0.38495953193417976
0.05157291206299778,0.01960855836946766,-0.6847565070316154
0.055923230218376856,0.06895435277877639,-0.13163447144147375
0.054047457742579,0.09096582888461965,-0.12040281929726736
0.04210600562120716,0.08761146034379878,-0.261312781329678
0.04646732502075388,0.036165372439668636,-0.5124425307706281
0.0587566414928795,0.09829590547451296,-0.06351595701755183
0.04703355398302506,0.03709132206977658,-0.48438408270204747
0.05516903524905744,0.03440569580678406,-0.2857365479876186
0.05154346539513733,0.056799867015859595,-0.2369113751816594
0.049510847325622144,0.04116611439241389,-0.3762597685739368
0.056175299638790185,0.02730391352690327,-0.32320276551251914
0.051676220242025596,0.025317804320356532,-0.5262612661581223
0.04959316538251918,0.03842832072545547,-0.4009239625002692
0.044526508528708764,0.07944408727898383,-0.25770944286129777
0.052029110505429785,0.02533692031143173,-0.5119363101409724
0.046508482465830156,0.03266137558317156,-0.5661585650941601
0.057702167173006136,0.04625084251169402,-0.1577881057009651
0.05151800817557617,0.07769934879159668,-0.17351486253230908
0.05697973582407119,0.05171705922307487,-0.15507966416525032
0.05027837029214509,0.023225556350576007,-0.6338547712545887
0.059279366061301936,0.03788880952577999,-0.15098478971226795
0.05435296821828725,0.0890559562599017,-0.11955440409443652
0.053798899755096136,0.021315285935175916,-0.5254961288799349
0.06001104615433792,0.07515356134392678,-0.0663834654864994
0.04162390827455441,0.11448527367057627,-0.20418426733824943
0.06567514573066223,0.11728228033535158,0.005756587685128106
0.05163097429282422,0.033967055516359125,-0.39358800767222896
0.05354360706750858,0.09100983472269178,-0.1258808234011105
0.05156205560344358,0.07997892120841711,-0.16801857531359388
0.045822074786994516,0.04214512400264003,-0.45504493501559407
0.05208567892653084,0.03606750976082287,-0.3580596819439115
0.04503735307224285,0.042381067812406144,-0.47102746481327484
0.044799395410911935,0.07849708043944341,-0.2573421135665272
0.051432584975445485,0.05348358661023598,-0.2536743678659335
0.049077791035869234,0.07227418944269012,-0.2203028368343902
0.06053220722876803,0.04401459053630335,-0.10150708473697888
0.04599152913036464,0.0482952370590397,-0.39358893396460587
0.05952856398327092,0.005656329788238731,-0.9673120595100195
0.0459447346928396,0.08316505179096165,-0.22912587555475225
0.040250226554465036,0.08053730923183214,-0.30730817408228844
0.05861991222723977,0.07209725123630908,-0.08849280192179002
0.06112067375396282,0.06663542020065015,-0.058217179907561076
0.0531005888162344,0.07450604765879695,-0.159710675276447
0.05610356343654829,0.04025840630905584,-0.22098332693936074
0.04760562600652589,0.0977453604300958,-0.1779560064737189
0.058068362424752475,0.05133888716506362,-0.13501729308937072
0.051909273281294514,0.08990810474994239,-0.14560118640153935
0.047867652861015825,0.030521611384841406,-0.5613185661453306
0.058913147395441484,0.10214990131451776,-0.05958745457636034
0.059717936592731564,0.07522086414707042,-0.07022072223128209
0.04837447947368586,0.049271713966635135,-0.3374252525002944
0.05859828224608962,0.10030217784261672,-0.06382431460217404
0.04536371360788909,0.08933335850574389,-0.2198091140931229
0.04887456946971568,0.05560288800352389,-0.29001066508024465
0.055211776069994195,0.03325618596565096,-0.29432791662025487
0.05790806472396283,0.07808309417200979,-0.09082548983540918
0.04736132760700694,0.029072774366960194,-0.6067075735654098
0.05946166495207659,0.07309052049352525,-0.07577364356591261
0.05780490461941104,0.01487625062604502,-0.4836632268074284
0.06531112456819882,0.1130605564542911,0.002751840057718103
0.05530451765645155,0.08686835079481249,-0.11161121691431301
0.050561713065023224,0.022528949278365344,-0.640877066949675
0.061857789999818405,0.09028241232946822,-0.034804231733581825
0.060277455463797674,0.06112356542563984,-0.077262255618049
0.040468872814835875,0.09301903782167074,-0.2637215752778845
0.059012710923132726,0.033425282974248974,-0.17912455913925748
0.05284881305951031,0.0435042202454674,-0.2793105329075677
0.05239696927913679,0.03883211269296928,-0.3245517651978035
0.06176263284153426,0.10681829900243785,-0.03030723376705204
0.052823991022737195,0.08013578691507034,-0.15194221515747025
0.058423687365259686,0.016867750346675217,-0.38987490919537865
0.058428347639872584,0.032060406475305,-0.2049772003105865
0.04955721444184669,0.03544354349924613,-0.43570094955324573
0.05168897119957079,0.05713906038262166,-0.23295848253881407
0.04619278817582504,0.09244616503000767,-0.2034396106974282
0.05337437439224037,0.044981888155721364,-0.2584512585935311
0.042862569877049984,0.06673003832552177,-0.331746102331898
0.04822057603489795,0.043866169515376495,-0.3825139999794222
0.044252293012458206,0.10123854387742681,-0.20493881275753828
0.05147438629135373,0.036728724194446664,-0.36825710680937096
0.04944747199976147,0.06957099848845888,-0.22354901234914057
0.046098021129181384,0.09941049448173953,-0.19014067850040398
0.057831880411881594,0.05340258600653152,-0.13422794894692358
0.05354045047704335,0.05711149712047028,-0.2006522346767415
0.061475453053139666,0.08882275742949962,-0.03968067473764074
0.057914472396422716,0.07972595428704145,-0.08887353769472482
0.05047688589795433,0.03364612401418003,-0.4316430057716295
0.055149921498200534,0.06849443075554368,-0.1438084584855425
0.04682213553261506,0.08552963344662454,-0.2125329401619497
0.054657936236295286,0.06690012030561912,-0.15458961383715267
0.05229641424816548,0.02856985479774568,-0.44464999356023693
0.04885319037643634,0.04363380681182902,-0.3700527367047494
0.05745333901611009,0.03650440523240853,-0.20673288431474024
0.047322428743149486,0.05050553863254631,-0.35001252804101174
0.05050124975326104,0.023522548776730354,-0.6163766683771033
0.057301976408640855,0.082018509286958,-0.0938571507612518
0.04546485344174263,0.05252661465116102,-0.3719094917499234
0.05339475369323454,0.0625558168049711,-0.1855182603233666
0.060062356199079715,0.05492774776372811,-0.08989343277207684
0.05821485549406676,0.08105384639337611,-0.08371156715997301
0.05935799478745302,0.05445059896816011,-0.10361695407329014
0.059257458853567126,0.07426455671513607,-0.07732546184124026
0.060478709774125027,0.062398519202201,-0.07245829362110079
0.05112143327134348,0.05903686691162903,-0.23508304987510661
0.04120920807608197,0.09517984525385353,-0.24995619461731386
0.04758251647556563,0.06639056167646104,-0.2623487900179913
0.05454576757688477,0.03781917881276199,-0.27642674302561737
0.061241964758925134,0.08152255579487336,-0.046098103824551546
0.044703908948119576,0.06876923388815574,-0.29513330168675994
0.06213131209720711,0.05073041982346259,-0.056547687024386416
0.04666596452362086,0.03591446843712536,-0.5104916284220138
0.05623215596574508,0.0749994978504405,-0.1169053698431319
0.057124602454930964,0.0631986298874886,-0.12461342214363615
0.04614200237414964,0.08033368315992967,-0.2347458361682177
0.05878109422744291,0.019945799390510797,-0.3117902497061979
0.06335147853579759,0.10354239001740329,-0.015921222833714107
0.06666031528470784,0.11070200271912979,0.014998060052448595
0.04774958529599069,0.07652653390220396,-0.22541743137163703
0.04768004257272261,0.06225709231882203,-0.2782005516509015
0.05696756907409128,0.0651689078799462,-0.12325557059673341
0.046272396910392526,0.065596543033648,-0.28549679942738876
0.045774445745135256,0.03379259519081706,-0.5689280194759703
0.05013567526998476,0.05545899551706168,-0.26802369194448006
0.04909565855948558,0.024898477283888495,-0.6387676346298465
0.046489867535360864,0.09188323693970596,-0.20145276854782054
0.047688166872211224,0.07970043227587542,-0.2172112827175833
0.050379256859829954,0.028919907153091347,-0.5055598229542444
0.06431123111287528,0.08270178793481311,-0.008328343368678147
0.051355095976408825,0.05493807894410544,-0.24836878692962017
0.05471801185097198,0.0603209088651334,-0.1704547949039807
0.052701043362478224,0.03714987413612578,-0.3310632114783361
0.0578291802039973,0.030230676553103675,-0.2372034176412271
0.05213656193488283,0.03561476757730792,-0.3611827042587008
0.048406791614669945,0.05807683869636941,-0.285711287972831
0.06284420187630206,0.10522058585196659,-0.020488368376231095
0.051516358504423716,0.04983306951714869,-0.2705761781528681
0.0515700519110509,0.0647736634796305,-0.20733655265882012
0.04156829503883508,0.10184619934262162,-0.23006950786978447
0.05224672765815204,0.06642971422488428,-0.19198144220031346
0.05500019900966278,0.01835543307380433,-0.544786982150167
0.04326854530227266,0.10773491919304615,-0.20171226618537272
0.05861191601884,0.0998914535520962,-0.06395025554241673
0.06313404134701456,0.0755236342104902,-0.024706949983165184
0.06003711687531199,0.029810915190033423,-0.16647872408651293
0.04629623983121372,0.07830933289014522,-0.23884458567696526
0.057838426337550375,0.012196073304927425,-0.5872032320071598
0.04588417535683105,0.03654366372607091,-0.5230954615404744
0.04861076160786211,0.06868795838325904,-0.2386042441484526
0.04500600348379147,0.08640108117962457,-0.23140910094217193
0.06421872325115768,0.09260484830641379,-0.008436672195144754
0.04922349702826686,0.044779608384434504,-0.352314447153966
0.04627576288253242,0.03096529768960862,-0.6046845505945544
0.05066829342013322,0.05917106881946447,-0.24220800580084045
0.05518758554037304,0.04577818728133215,-0.2143469421216763
0.05165367750859799,0.05902810780774026,-0.22610114040707788
0.058369293276826495,0.056065605876391235,-0.1182669235358365
0.05689071342950083,0.077537945993957,-0.10458474836477065
0.04381875870186172,0.066016801556135,-0.3208462209446421
0.05195218537655657,0.02094109279936954,-0.6230722889416858
0.05208492414629979,0.04350002554535443,-0.29689812113407993
0.05199130165051422,0.0397466939293538,-0.32729007279467265
0.05149683959103268,0.03693366289686109,-0.36560577397036154
0.05056364737850519,0.03271580909773675,-0.441265339896286
0.056186046788609945,0.04268970019333583,-0.20646556830975307
0.05837886630511253,0.06254090126623026,-0.10586885639370598
0.05375610688607917,0.09430654876961658,-0.11922706599505373
0.05074126609531679,0.024516695329034933,-0.5815928171932987
0.04661959942560394,0.03770168751643673,-0.48752195949804095
0.05366899150753018,0.05374863517902775,-0.2108148133385736
0.0558477118850878,0.047652558152134594,-0.19206289168553742
0.058355964877557426,0.07012983214535946,-0.09473907065214923
0.06083738965945774,0.08810087665527244,-0.04724822837836259
0.05639057907954415,0.07781143596735561,-0.11064467341365834
0.046516794419753815,0.043923525366835504,-0.4208042370433669
0.06076838659806347,0.021812506962966934,-0.19399940635530466
0.04842829319333065,0.06069731029753662,-0.2730220948084072
0.041117977535902954,0.10793487855301787,-0.22126325414232195
0.05608652602817386,0.07883674495289707,-0.11306243017962903
0.051813592833726496,0.07813770080786273,-0.16875857658901838
0.05912276595470035,0.041448928404867226,-0.14179459569838984
0.046255394036621114,0.035400573304294414,-0.5295000677603432
0.0500345492116888,0.04238945073970266,-0.3530465841656757
0.049446344848594066,0.05800110562694628,-0.26816135629283566
0.05057974510018878,0.050038047520579575,-0.28818580289089973
0.05680168696177418,0.042602124602491014,-0.19243906529831745
0.048001745000696414,0.03407750983106628,-0.49881153533722616
0.05823680172852741,0.03826538892191534,-0.17674453238339297
0.06233798544216238,0.09516533262715668,-0.02797252407309907
0.06020134295203006,0.06215654048040375,-0.07720276918376483
0.06150453559706114,0.07717309569365231,-0.045293821266604584
0.056273492288350595,0.01926843120915686,-0.45289144803352455
0.05533351737315327,0.06375977543133468,-0.15160785246580633
0.05278132441811033,0.07555560926734571,-0.16171765009074512
0.04614063882274143,0.03882142872718497,-0.4857977100686193
0.052545175426918285,0.061138173497224085,-0.20371600688475286
0.05882512814158964,0.06500996171285237,-0.09498347169753216
0.051965755040482974,0.04598166066400106,-0.2834661639291664
0.05410753732030139,0.040860365596587955,-0.2665777097356219
0.05652580920302009,0.0663952621340088,-0.12763246238678957
0.05068310490830364,0.08450469118389016,-0.16942130538695718
0.056463733193374735,0.06641517761673332,-0.12852885609801565
0.058462380776986934,0.049220833968538075,-0.13282219531655862
0.04467876508227062,0.0390098684296484,-0.5209254923373382
0.061400835067904856,0.092532756878529,-0.03889611693748514
0.04851950223837274,0.04311217887702329,-0.38227011927737603
0.06028721259161258,0.09613956304310241,-0.0490202707315669
0.05101066981616899,0.060126401036748205,-0.23266535070477576
0.05114113835517961,0.047748258189057965,-0.2902485278090479
0.06258273156136449,0.06443016089320341,-0.037517653302810684
0.05441376345796906,0.044474563896542495,-0.23802901286804806
0.0561239954914197,0.0642446807918858,-0.13815936820253225
0.04640375284556393,0.08184045770575167,-0.22722560058616514
0.046249433391491256,0.03292894331326835,-0.5694250929987607
0.04508953888929792,0.04013087582638134,-0.4961382152944016
0.04786802944777796,0.06998492109257677,-0.24479516851293862
0.052174496939635474,0.019706426377325927,-0.6508284564024992
0.05738155231799356,0.03482898356158156,-0.21873873145152722
0.04727042764752125,0.07734019987606501,-0.22924135677034424
0.05279491583779321,0.05680281202237027,-0.21486760474816188
0.04713726632608122,0.04290945242914694,-0.4162890147203377
0.04543356827147275,0.04583105174543463,-0.4269252173658949
0.05636782415959084,0.08138612494643654,-0.10606446548585946
0.05307868623010106,0.06944985546761176,-0.17165354325983437
0.052265686516473925,0.06162821652503594,-0.20663121864564865
0.04054212850644397,0.11156453269787997,-0.21922622631144495
0.048199123279502695,0.08446547673339977,-0.19890820925010916
0.044913548506339614,0.0826142774265895,-0.24313535286329988
0.052823764597461104,0.04862964180737173,-0.2503871085616985
0.058164971587912874,0.09093151243635558,-0.07516677364044806
0.05449253475078526,0.08118121108319001,-0.12943223079595684
0.0530581865581107,0.05159819186089582,-0.23143860300538016
0.05159083117647675,0.042209785392663714,-0.3176791518550066
0.05512299436460817,0.06134833596782707,-0.16099875374894654
0.04902821953120224,0.04150803227461388,-0.3847877047779504
0.048175363552384554,0.03943985977191539,-0.42658966195402276
0.052156779662222326,0.0688028691110778,-0.18666692979101096
0.050822622391180884,0.05292026169535495,-0.26790074641795525
0.054401432475038154,0.05743257793545648,-0.1845392964403002
0.05179354433734194,0.021154631731468313,-0.6242819931964572
0.053054688313006804,0.037879922198138176,-0.3153467851520645
0.05009164018982768,0.04070251401692072,-0.3662761421561004
0.0542428982149323,0.04974704391557245,-0.21623599993848838
0.06167004821049493,0.0915409816455049,-0.03637662312165719
0.047818363434597465,0.0460072407927179,-0.37345505336460155
0.0616867727850374,0.05046661057071462,-0.06565186719484674
0.05716968239127485,0.08991066472961864,-0.08708997572504502
0.04679441652540121,0.07792997387515821,-0.23361464875843108
0.05116867144757071,0.04948082704313273,-0.2795290495118936
0.053819735306263,0.05952740395219611,-0.18781710525651998
0.04139336545121957,0.08609729344617861,-0.27418555919574267
0.04535149126814407,0.0946794412687601,-0.2075266654360691
0.04999329666486328,0.06000167078789369,-0.2501047577189228
0.049131186580809505,0.09133865944628584,-0.17373600089371335
0.04684360744097343,0.06031655704891011,-0.30101838445957274
0.05087428125175924,0.043920543082571685,-0.3216198561498675
0.04499939370355168,0.08022219547492844,-0.24931512006174203
0.06416996274288013,0.08959177275250174,-0.009264659372382996
0.054247932762043614,0.03613903273066568,-0.2975195080092099
0.05575580669740705,0.08011629795554005,-0.11538467875441465
0.05511891419786461,0.05808154812519093,-0.17012435310500618
0.047919583953585594,0.07286301234255813,-0.23441819789322668
0.05345230541557289,0.06709117425284453,-0.17211942871811514
0.05416703616757207,0.06570082004553562,-0.16488323623540577
0.05442809423961331,0.07470018629568555,-0.1415244898927018
0.05468646801453709,0.06691619055629609,-0.15412610759403908
0.04783813598001218,0.04165616438399317,-0.41198858017236106
0.05034242496605043,0.03944446160386179,-0.37160033216208305
0.05948809240156738,0.0761815309053617,-0.07235228188417368
0.051132031358130436,0.03835635569067521,-0.3615559505628685
0.05347058593954384,0.07047404527257162,-0.16359801705527172
0.0568888143933137,0.011689242552734097,-0.6939017280284864
0.04554121703460361,0.0836541400350308,-0.23260992172351402
0.05819518374495453,0.03998039125200247,-0.17020384348301346
0.06075899308589673,0.062120023107586686,-0.06827117412300703
0.04825536935121763,0.06386892566411591,-0.2621717912845709
0.061942251647594086,0.07388434035496928,-0.04138560806952186
0.051181974121339166,0.0362944956500518,-0.38071960034637137
0.057928235274740246,0.034570603285407085,-0.20456006124269413
0.053475409683119215,0.05486588093223565,-0.2100502192084495
0.05610336168004566,0.04036256767517006,-0.22041804653144764
0.04608499285145254,0.03158355600464442,-0.598887824593468
0.062387371743172534,0.09583518865822852,-0.027261680113603498
0.044146881835907335,0.09827706755864879,-0.21218702065614803
0.038838709442564796,0.12395214687160014,-0.21105960015791603
0.04701210644219226,0.05262082569100906,-0.341839819531399
0.05857479651538032,0.09004827877413549,-0.07135287394816023
0.043133306868419825,0.07349431840510565,-0.29752902817670185
0.05288826058457078,0.051798935677542735,-0.23382216752148885
0.05220657448009421,0.05623741056904236,-0.2274895908338342
0.0511458512643739,0.021384908519801054,-0.6478469955949567
0.05562401735702686,0.04126510408063432,-0.22721335258604825
0.056342920689184096,0.08172292354633084,-0.10593208043894786
0.06305500596146134,0.06408036995306839,-0.03035241587967035
0.060557861771742966,0.025934562948516402,-0.17128255591101646
0.05670857498585143,0.018517838248884425,-0.4477533987882237
0.05908936332712154,0.07190164267250239,-0.08220447340543016
0.05336135886026115,0.05963732302236547,-0.1951570015202405
0.0542865748677749,0.06065140281624149,-0.17663936256650303
0.06031259519625223,0.06307315671937705,-0.07431695268722337
0.05472021101037613,0.07298145122376236,-0.1408548174536276
0.05721818207701296,0.06349781370697853,-0.12255253320842774
0.05651187858223175,0.04448765410389477,-0.19079723551944136
0.05545079982765669,0.05274708841577385,-0.18103748394741076
0.046809039544970836,0.03860324093850047,-0.4712288401901156
0.044212113274469236,0.1025343259890306,-0.20274075559588414
0.05428979351090355,0.018759927126511713,-0.5709087469727258
0.04641435471911908,0.08222289499902292,-0.22603978224193855
0.0415537606554114,0.09627072667322406,-0.2435448464430231
0.056611856768867014,0.06374113067474792,-0.1315970260071977
0.056350012249112354,0.049152299417458446,-0.17598337928042593
0.05369351690288497,0.07226730103849345,-0.1564536510238924
0.05550193006970216,0.06268681944431678,-0.1515162200681557
0.05719193526122529,0.08071609228366287,-0.09673492011152629
0.061960536013375866,0.10453227698035399,-0.029076798807275372
0.04643065471863114,0.08385042684325292,-0.2214579696306347
0.05998108416498546,0.08455705461059373,-0.05935537677048826
0.037932097022843746,0.11123304861506159,-0.24334407187587512
0.060330114469346725,0.08665968572424519,-0.05388763519767486
0.046836710315192286,0.031016937534354395,-0.5855926190227528
0.04859810326729452,0.06724181877399557,-0.2439240495239041
0.058493411683986495,0.09566289076265265,-0.06801580282741902
0.05837834294168894,0.02039196786354095,-0.32471888454424264
0.045806800186743685,0.04673138032337204,-0.41071330828328023
0.05633858569905018,0.07719389973804501,-0.11220335195322491
0.04816075434539259,0.03140127417756966,-0.5362599479047861
0.055355873332211404,0.047981697260913656,-0.2009959467533216
0.052474359197956205,0.036580786204671055,-0.34241037718441325
0.054404324043997164,0.049081494629303446,-0.2158792440211638
0.04641447648692327,0.07563821541960113,-0.24571604988264203
0.05146573278204968,0.03655295678384095,-0.3702646354434847
0.058995363133793166,0.0668616725112954,-0.08980686005412788
0.056479887660107406,0.06921460941367742,-0.12309702260934736
0.0567145837611617,0.05389208554445944,-0.15374087224742986
0.058746772196938656,0.09048989008393117,-0.06910415956148641
0.05233286628617573,0.04488556305192076,-0.2822095313624949
0.05920599421961278,0.06306683365624578,-0.09187088433784751
0.043035066673214724,0.058517820280831995,-0.3753546051676856
0.05279286718048468,0.041049378118200905,-0.2973768027463196
0.05925417042454434,0.09400769642260916,-0.061120842166214086
0.04736991387064146,0.0363832995521883,-0.4845653458139468
0.05706710316986571,0.06558468946732358,-0.12095653565740698
0.04455142717342733,0.08667517597351773,-0.23592190724620413
0.061539419284482366,0.09789862491259665,-0.03534861412616595
0.05727003636215085,0.03897947391044908,-0.1983085676222278
0.04950689674955134,0.06325626157314533,-0.24492600202959305
0.057313624052422484,0.07128416936810762,-0.10782724994501214
0.0609866596000326,0.060142160198285874,-0.06673089870293333
0.048235525074161636,0.059399942244294346,-0.28223049202457223
0.05159035941389896,0.05827326434130567,-0.2301165163420565
0.04909278227331324,0.05635128452626561,-0.2822866924936259
0.05534226223779565,0.07178839072413039,-0.13453063461635836
0.05830816561132922,0.05241369246617825,-0.12767340123935977
0.05031943601420657,0.03897321113030236,-0.37668345922820395
0.049074604140532205,0.05273184526973915,-0.30200717949475575
0.05617888455976301,0.029125284559755125,-0.3028679572946001
0.04726480774210089,0.037416481381466846,-0.4739941224586586
0.04511051086045264,0.09807874286602762,-0.20279102849753855
0.0463323332785398,0.06486286922767454,-0.2878020498281537
0.047760290020929644,0.05030888642898666,-0.3426772326476558
0.055010261404044275,0.06304037894286342,-0.15846571298389428
0.061516069518852586,0.07070618313954513,-0.04927334960609542
0.06422181407767368,0.08390442805855698,-0.009274670483222058
0.059244549234976414,0.04218998485961748,-0.13641746457540138
0.05411582025629569,0.049131355747515565,-0.2215322491737814
0.05699397858797862,0.045371298271500805,-0.17645563863113495
0.04746375855710498,0.07383744273598035,-0.23749795216498962
0.04849031250307823,0.08789156573784854,-0.18784154495739336
0.04030941284842138,0.0898509092234645,-0.27479507291541905
0.05757484977100294,0.0663071587272302,-0.11198112498745622
0.045771138082042924,0.07784009875576102,-0.24703028677149427
0.04700186799021476,0.05761653973951802,-0.3123778708536481
0.053671454868766774,0.042126986784923354,-0.2689142043097075
0.06056932571033056,0.06654535627645927,-0.06658126934150649
0.045809002978874476,0.07912667720168828,-0.24253510572937415
0.06509285216220981,0.09835750340246142,0.0009440272373513893
0.051390264555384785,0.01996159228636775,-0.6817960836676157
0.04250095099893545,0.08120735151212757,-0.27705680067283717
0.044186699977920185,0.07990410019049474,-0.26047849825553426
0.04688682037256232,0.05475398616042867,-0.3308102459310677
0.06020253871375019,0.021242404075076035,-0.22584361305313505
0.05724306783936535,0.06418589587983119,-0.12085103828973857
0.06198632309322758,0.08043901850605896,-0.03746536149673954
0.05311873105114468,0.024387989557414273,-0.4871770557751144
0.05220685083053333,0.04932562594655978,-0.25936111147027285
0.04170013167199988,0.1072278905507959,-0.21729298420696366
0.047103128397540085,0.05982762513486268,-0.2991405987136714
0.06319152491719685,0.10422481466177562,-0.01735167472997593
0.04932993787603059,0.068414885777297,-0.22904462889813682
0.04905327918945323,0.04790484717133909,-0.3328832415123017
0.05126341383040726,0.0768808884215785,-0.17867361384103406
0.04417399483269261,0.06841729637359388,-0.3043967866486073
0.04931696378694112,0.05851316660755577,-0.2680257644957766
0.04369940446428174,0.06789377341417076,-0.31373415358399287
0.05107665371921849,0.048346983620788986,-0.2879878999275259
0.05540061135387774,0.0233576925465676,-0.4109733282508201
0.05757162505415381,0.08297896709242063,-0.08952117875331699
0.050340791063361257,0.04053201609203384,-0.3616698686626611
0.05830293741280981,0.08402021839691802,-0.07970775028877866
0.0655875859658795,0.12211182519740693,0.004811867850878544
0.06118844644535252,0.07844883177996462,-0.048586492216203175
0.05697103382222163,0.08795674828781747,-0.09128311737384263
0.04694199633810981,0.03376162497441911,-0.5348677285400979
0.0436699558111035,0.04176239593661853,-0.5107476166182716
0.048267063968116315,0.040421729454339014,-0.41395893391413296
0.058836230318957884,0.10132358128522738,-0.060832528843320445
0.0525091393021695,0.022779740671936177,-0.5483319971775971
0.04425997715718097,0.06931289332366043,-0.2992231581788447
0.04583198659400487,0.05640763798846658,-0.33981237452123647
0.044590918606245145,0.04312682719458436,-0.4732340105074486
0.05811327471012681,0.04563213514989241,-0.1509183225209971
0.05936006653869281,0.07637040011540248,-0.07384973042939086
0.054603298876011855,0.033276557533722335,-0.31243319305045814
0.054308161624999574,0.027575390003553153,-0.38773117528429374
0.04914738975948296,0.030959146539251282,-0.5120493299264063
0.04472939452553133,0.04110692500997436,-0.49311899320005387
0.04870353835298361,0.0701885338522253,-0.2321812517316134
0.04966136340326373,0.05803025846060807,-0.26432135585176486
0.05516785678729511,0.023836963461965816,-0.41247465216754753
0.06157502618496985,0.02732551216988337,-0.1253397848039227
0.05754805079355218,0.04768384345851232,-0.15627828350144313
0.049208338598437595,0.09304843757961366,-0.16971441769831783
0.04624974924397839,0.046343774270007895,-0.4045904989692678
0.046193735902537635,0.03536654728825419,-0.5317529003943293
0.04759710218431727,0.05720556215425672,-0.3042168831197783
0.050815067960260765,0.025480678408789266,-0.5566936567452736
0.05538532953690705,0.0645342285807017,-0.1489855953119446
0.05666864751469443,0.01130208948887499,-0.7371515234865545
0.055049607584327184,0.045245015622030656,-0.2199223998240324
0.056969288004243716,0.08100630808666129,-0.09913687199723949
0.05060385365825111,0.05847539122572523,-0.2461915352763909
0.054591077194083626,0.07190086653667593,-0.14476769623641303
0.048349137711728024,0.04869243285448362,-0.34195995788571
0.04857966111812172,0.04260881956356636,-0.3853741795728805
0.054025267702537315,0.05773070356378839,-0.19010217475240668
0.04140778657933035,0.10472540720764172,-0.22527688408881308
0.05803215232741617,0.06818396744054457,-0.1021918778583792
0.045857042360931806,0.07042946959577093,-0.2718032344832208
0.05359341613389488,0.020178202651213582,-0.5652923634117182
0.051809566352705234,0.05433796252603182,-0.24274803533488387
0.041233377433308994,0.07281756488942462,-0.3263858466399041
0.04150668498520403,0.08490706743231569,-0.2766944581324028
0.04030992214119864,0.09304788757955887,-0.2653480750725326
0.04752448894453555,0.03665354936800877,-0.4767754107523645
0.048478203127655606,0.05999812600710849,-0.27537188195489504
0.049248186982873046,0.03709859965446222,-0.42459319661226963
0.05060422450833349,0.06468492782058517,-0.22255223862343457
0.040203911972528254,0.08198114577457195,-0.302460862106696
0.05544984219035569,0.017358281759664453,-0.5501787528208048
0.058747307664655635,0.03240729550790491,-0.19294088683886587
0.056579020604701276,0.03149375615108817,-0.2673856797169545
0.044978955118666744,0.09427188118856114,-0.21237557401965362
0.05550829183627671,0.034416005419352864,-0.27579342948341995
0.05098155323242087,0.06872922515425592,-0.2039663147098795
0.039657226572549775,0.11372591951007865,-0.22284078718927652
0.045810463948148,0.04274120767190235,-0.44897037536136386
0.05706794743897222,0.06850843745289924,-0.1157821263473015
0.044644475918426615,0.09043582392628763,-0.22508253032741488
0.04235686281309094,0.10008753031954991,-0.22623334909569873
0.059511083044545526,0.07626628221581516,-0.07197042776940622
0.06004150236096668,0.09161408907657494,-0.05412374547422289
0.054413273702005334,0.025195366713583075,-0.42018544196410756
0.04598353857236416,0.0544471290531031,-0.34926472264660274
0.04927615239719994,0.045773522525395016,-0.3435140390184416
0.04867525478668232,0.05251291685521477,-0.31087104261085363
0.048841484622313414,0.07569511514670774,-0.21346840342826776
0.046967407377547656,0.05541131922835651,-0.3254315701840256
0.05686927299538098,0.07658463624076296,-0.10616655511763548
0.04643732211182586,0.03589030796640893,-0.5172058681008712
0.05746685838243943,0.07677618002334505,-0.098118213425961
0.06286019722879203,0.05698169678543182,-0.037552457928122625
0.05645647617421728,0.069379653901263,-0.12314163224194459
0.05926422171840957,0.040361131923485304,-0.1421114326640801
0.059772251839834166,0.06056261803386383,-0.08631971882791989
0.05353016052777926,0.06323153149660178,-0.18139430124094277
0.05379754185569988,0.02250947470653968,-0.49767745761945603
0.06485822205796432,0.10596968149701304,-0.0013379104290284912
0.048820968386291914,0.07556665751675594,-0.21410278217109965
0.052457875364443976,0.04886595237041282,-0.2566638738662952
0.046601247891615946,0.05225162235982448,-0.35211829369973
0.04698342369412995,0.09071434513935972,-0.19860779767733674
0.04583077479117369,0.03719466470467323,-0.515375669092074
0.04945801734151447,0.03795366678946467,-0.4094988435425622
0.05911427686384428,0.03298500505648305,-0.17843632663014886
0.05559333220894834,0.0697850102237974,-0.13479496185333928
0.04426045965632144,0.09346337243192969,-0.22190019259986987
0.06141206812630552,0.0699815592785644,-0.05126967605012305
0.05452675987074482,0.03462749771688405,-0.30245443129864186
0.0531264055231475,0.07294788722023868,-0.16276817505357838
0.05703509288850806,0.054631911977601436,-0.1457922086775487
0.05981912660577581,0.09256984414830463,-0.055967182854105256
0.03802263264832816,0.13139409504910954,-0.20531643634052843
0.05127586403107284,0.06385527453739344,-0.21492564347038162
0.05989177766594413,0.058140144438118865,-0.08786050298675774
0.04639617817356287,0.07919791563070935,-0.2349029223595301
0.06029070391684013,0.032569382071492035,-0.14459273660220634
0.051974504601698265,0.05402885688842186,-0.2410840456092093
0.045505761003870215,0.08351417667880796,-0.2334243091577591
0.057046759705713726,0.06359955055750983,-0.12505183172787623
0.052496519685227006,0.04108013067239941,-0.30436807551767925
0.05617810535847955,0.05595775625507247,-0.157652758650786
0.060844252427519334,0.025840858471232787,-0.16082080156535955
0.0507582788996299,0.07444688257746554,-0.19130043605991034
0.06112537731279754,0.10478049577261456,-0.03697847255476658
0.047925531712745384,0.05604106611128836,-0.3046777920560527
0.06018379507414529,0.09317821270084013,-0.0516881016093077
0.05405826807028912,0.052126933546877044,-0.20990553606747517
0.0436769479956184,0.0983200223954763,-0.2168739538993705
0.04529952102946425,0.05120813501033646,-0.38471385389370594
0.053600523281238724,0.04189271700325316,-0.2721111814704226
0.0519997342582665,0.03646912460998446,-0.3564732052321956
0.044232189534778026,0.09439677317637446,-0.22000551254457207
0.0497515056369109,0.040541894428054844,-0.3761169668612525
0.04443421475390148,0.05905073053147125,-0.3482731722537781
0.04516954371014276,0.03552321686637655,-0.5582393161196834
0.04463097420975954,0.10120403491029177,-0.2012669337570954
0.04392221356600062,0.05946762162625448,-0.3544413894080086
0.04582688455299323,0.09398041594194494,-0.2040118173008586
0.04628734237863392,0.06436935329778644,-0.29070755977300744
0.056498785181958895,0.027843408715378905,-0.30532234414766835
0.05034265784735479,0.07373352692171108,-0.1987880244519988
0.05212276992516911,0.06205542126387887,-0.20751176629795043
0.05235056591559096,0.055337101313202915,-0.22858866446246268
0.05137002271344496,0.04191297279614854,-0.32519710192944196
0.04545971241008817,0.06597672908706684,-0.2961693897271764
0.043823160657429874,0.10906005994670376,-0.19417593712050935
0.04196992794458858,0.0691039176959656,-0.33326724190567786
0.04654163432122458,0.08996270478422894,-0.20517797595177792
0.052383950704868947,0.08478004318921803,-0.14880918693298698
0.054938108590893035,0.02908314935849728,-0.3459698014502396
0.048391279840883046,0.05401850360720747,-0.30746353656677233
0.058368496413048955,0.07166521587383486,-0.09253448142297754
0.046500941150121954,0.0415723070513986,-0.4449851394344421
0.056325967119401035,0.02089633564025845,-0.4150982751199571
0.04560870680678055,0.09304699678460988,-0.20840321411025703
0.047365479948045346,0.10366829063165842,-0.17010524572659824
0.054896999073170985,0.04125615876847619,-0.24488467245643616
0.04389369213676381,0.09839056106107899,-0.21451557583998124
0.0546274745162887,0.07108931152698501,-0.14590836879569388
0.05228363470625252,0.04436076109643196,-0.2866579603110167
0.043878516505308746,0.09612586272064988,-0.21972737509854268
0.05756522084211636,0.06745649111662322,-0.11021591895478085
0.05170987861332751,0.027829059003262525,-0.4775627298470435
0.05938405345096462,0.08141792448222296,-0.0689767834877882
0.055336471910175024,0.08383764503783583,-0.11526478451850405
0.04549551729108795,0.08762194781253708,-0.2225981411716725
0.05395543846762322,0.08897438670255152,-0.12413192090100755
0.04603445219165716,0.04740999580224662,-0.4000326827163339
0.04734080897197208,0.03613792782460711,-0.48866086383634294
0.05840156557532198,0.006848194650252002,-0.9635290411079672
0.05166473885505789,0.059070476535673454,-0.22575171095646693
0.04641625322068313,0.04745793423768298,-0.39158355874160317
0.039054786027284454,0.11595616674357104,-0.22375018682785175
0.05107560889487828,0.060666219237004285,-0.22952462309746724
0.05029495427359907,0.02258110440508863,-0.6512102093238258
0.04850308607140101,0.07000864906144016,-0.2356410836341259
0.045412738609760875,0.034193747824349245,-0.5728316618247711
0.05667154037164509,0.07746181455963241,-0.10751697046734449
0.04716291489512643,0.03740606201290232,-0.4768501185375006
0.041043147372462695,0.10848782553763908,-0.22082526319255655
0.054075975439449815,0.05031250614365496,-0.21712344301353875
0.04826586943996049,0.07905347593695071,-0.21168114825698317
0.0577401508693387,0.012167108648016506,-0.5966782528768498
0.06140748260238124,0.08399993543183323,-0.04276809713186177
0.05237511611766526,0.0502462386170888,-0.2512602779791164
0.06149626994788992,0.069717925121171,-0.05025579929437857
0.060429385716258,0.05703693641455005,-0.08013428790288331
0.04794439057834131,0.08744799909144965,-0.19503716035655216
0.046010231629597845,0.054120320248499,-0.3508805617411111
0.047036614823868374,0.08789522791365266,-0.2043727014824817
0.0493022284651015,0.06024778816154961,-0.2605534910726712
0.048868467705184965,0.07047502569860394,-0.22889714668290773
0.039685239415482965,0.12030835221559721,-0.210415653762359
0.056474154323781875,0.021939699313102762,-0.3886035790438726
0.047687501869980886,0.046854560184846725,-0.36949441125301963
0.04641662934090022,0.07837581660889446,-0.23710592709780906
0.055074554696475646,0.037767509454898034,-0.2628038080026782
0.05849161815104187,0.030178873848310684,-0.21566019599245093
0.04942950093286713,0.06030390690925784,-0.2582005025074502
0.05939140039641938,0.06794625417307212,-0.08254464755767764
0.04673890602410017,0.06974222877054294,-0.26183697162848313
0.04838341122968572,0.041630312909864346,-0.3991463817793443
0.044468361277417795,0.0710359965525827,-0.2890314730417578
0.053731424931409345,0.02395228623916755,-0.47045926873418537
0.04678451733413344,0.09041880874524552,-0.2014567866868118
0.0492289519450329,0.049045342850410595,-0.32156056290745394
0.048117832414956055,0.05421317896847538,-0.3114033876312773
0.049647460460919134,0.07636521328262731,-0.2010410091079192
0.05115641241751868,0.06376316903706324,-0.2171094660372753
0.04803923330725065,0.03577925177705615,-0.4740391665659604
0.05084711192089642,0.07346038778746652,-0.19266013296921747
0.05914108108190891,0.0645806053001462,-0.09072257670644394
0.05986906222889752,0.019503740674629778,-0.2630745484519666
0.04299105824457217,0.09908014853993377,-0.22213270851685532
0.038434507526793574,0.11820237756845534,-0.22474583861751324
0.043504171866110726,0.09710181747327977,-0.22137410702744512
0.060059356865289446,0.09789884059584102,-0.050466819674680065
0.04590352144492602,0.034731756185082625,-0.5498276117484656
0.05571163587567305,0.06715181325152166,-0.13831888782417173
0.06152986352798872,0.09639742117540971,-0.035998229306330135
0.06445640341847725,0.10288354001151495,-0.005283610784212065
0.0504664662327202,0.027453340872820357,-0.5293903512365755
0.06022295931898996,0.047097739588300616,-0.10142823674273937
0.048205861991612454,0.04956098963129581,-0.33885800371069896
0.055590832921001025,0.0595389745297129,-0.15803374433839695
0.06184894517408001,0.09682388998760026,-0.032544187455425845
0.04997683729389745,0.02792848522833589,-0.5379154144335848
0.04110620098229617,0.0773810084134533,-0.3087811790980706
0.048393302167463355,0.08628416306341238,-0.19246518993679027
0.05379871959386847,0.03979262708565724,-0.28149135220501426
0.04139497717533041,0.08083043889722641,-0.2920313578240334
0.0445322530147244,0.04622377829891463,-0.44279692700404366
0.06027465987035685,0.08784422113465902,-0.053792270778968344
0.05075779026603452,0.04722074346133903,-0.3016091804150857
0.060222651238172366,0.09623544309690807,-0.04964230025955091
0.05427801471236369,0.049582623493689124,-0.21624481586782127
0.04114505110349832,0.11656259443378915,-0.20465355127327717
0.04299367175765436,0.03750275659473784,-0.5867922851685371
0.052785791821380115,0.055245548887336966,-0.22108945289924614
0.04901749872557001,0.06369583688589708,-0.2509190875859059
0.05764647056582596,0.05414207386365538,-0.13581913121193417
0.05526177536044064,0.06694497449443657,-0.14546610426102488
0.05740577569816285,0.08833243575346322,-0.08597322418497222
0.04178512513472772,0.11770634719840276,-0.19722704355222145
0.05838975941980363,0.0746823583848187,-0.08851140648418639
0.046025127819249285,0.05707493412715107,-0.3324554372411303
0.05191818786790596,0.047520419587707995,-0.27528822863083235
0.052003613753505915,0.08418426682075565,-0.15438022729550963
0.06663067504863036,0.1187934684423946,0.013726975649516535
0.047042911548696546,0.09312732013310757,-0.19282299142332515
0.05682121294761712,0.07575902822443699,-0.10795791926149227
0.05213059560465424,0.04698413478305407,-0.2739095751101799
0.04181370550950149,0.11487063500104683,-0.20184701242651976
0.061864497564140024,0.08964498774714888,-0.034976885095951184
0.05189100566451256,0.04570091949817122,-0.28684311999481793
0.04691188794689479,0.07487179590958286,-0.24158779462093963
0.05397270099647943,0.0669549824699424,-0.16469721291422895
0.047916046637899765,0.06346738673981056,-0.26917688343049667
0.042122081044737074,0.055132816014235995,-0.41496010197185573
0.04765419273282651,0.03677873024336832,-0.47162604995862145
0.060938035181356855,0.0504821054716382,-0.08046345889684091
0.052007265365883855,0.05714205678349552,-0.22737604079153256
0.05194860922483369,0.07361917392224052,-0.17728249421749426
0.05449592338719162,0.0665337474935717,-0.1578759202436817
0.04555517453819779,0.10127416669206583,-0.19200183123625333
0.05624380206102913,0.0362656855905072,-0.24144581293295256
0.06078994386969481,0.04824316578268317,-0.08726741004663481
0.05205706760478972,0.04952562589146863,-0.26133808835800815
0.048344091783067554,0.07229087382756488,-0.23040125724115212
0.04852979512269684,0.05888264253985936,-0.27971239344691445
0.056306347495941364,0.053088597452187,-0.16375743420022298
0.04842771781760719,0.09286178187233671,-0.17846181548805334
0.052326647848249,0.08181237189901608,-0.15490752630169638
0.05150289624286617,0.023817958992731196,-0.5666775965670652
0.047267515761933804,0.06658880547873788,-0.26629827807510775
0.04903291925264099,0.03936324303677551,-0.4056342799916562
0.06107966213015345,0.03543316260584774,-0.11064036009022678
0.04843194170473186,0.0480921506413052,-0.3445064958487889
0.05834028162641297,0.052239789331550476,-0.12748363764102819
0.053532861555102985,0.05738998053741887,-0.19981080909097576
0.050606844685563646,0.03844448885384214,-0.3743880005572738
0.05004993900882187,0.04007220880680377,-0.37307803678243456
0.05141124064682843,0.028708224144931325,-0.4733402973506734
0.05249482808326459,0.046334618757561,-0.26988830926109186
0.06077999039892898,0.0688069558513206,-0.06133114812097924
0.04849781950280263,0.07325517554549855,-0.2252698239313879
0.04523319530451302,0.040361544231411764,-0.48974351878497435
0.044652894059488905,0.04497227706975878,-0.452436640220589
0.04074030928450801,0.09382105244169928,-0.2585740629009363
0.05778717541166274,0.03525760077294691,-0.20457502581604042
0.05422569069628806,0.062361252881899504,-0.17277249583353396
0.04622452842121491,0.08332081537942046,-0.22533950842039496
0.05882964054211094,0.022237358032526494,-0.27747718271494753
0.050863090140581387,0.07116532707949877,-0.19864884262565502
0.05963400952646206,0.02592715848419099,-0.20696407887543233
0.051850103955724314,0.06071853100274191,-0.2165713798919455
0.04779672973701823,0.08198517954449924,-0.2098339036221092
0.0547645162484578,0.08608849269131366,-0.11889491186985275
0.04004264210849422,0.1102297800386374,-0.2264121173312494
0.04274545323619862,0.10590958592751216,-0.21012778559093878
0.05291827585861864,0.061706022071074534,-0.19579489547171472
0.05119050956491714,0.05843942892578084,-0.23630433576996737
0.05484586183747809,0.07542166850141005,-0.13463157689665903
0.045502103563594944,0.08307811307572016,-0.23469353978506982
0.05168878275349726,0.070812904813414,-0.18797728015220772
0.056117839922938416,0.030451714518013477,-0.29168013091044226
0.05947195803259408,0.07426418121962083,-0.07443752663289846
0.043592999578743206,0.08699068652157636,-0.24608381974255603
0.044266843339971856,0.06183685630557655,-0.3352880126630628
0.0468983447896722,0.06446543648687354,-0.28079628707724125
0.05527626687701837,0.05116222401467953,-0.19005688885205
0.04423806841525231,0.040836627671332906,-0.5084144496907725
0.05959994035366539,0.011284961715217937,-0.4785182070270163
0.04818286711861506,0.06867606631948264,-0.24487618150916293
0.053933816386237315,0.03346096053164274,-0.3307192452917729
0.05192173620459676,0.0443757490059972,-0.294716463121237
0.0512222332292178,0.038014362792979865,-0.36243582052956436
0.05629320359852115,0.07279703274851308,-0.11960372659085743
0.048619172522408896,0.06579769136364438,-0.24895748069729554
0.051397387028832155,0.02928469833798611,-0.4644955810770114
0.054414366079072476,0.0538001072335775,-0.19675860263566286
0.05066931009907575,0.08155407010805031,-0.17572010669654672
0.04611265564288464,0.031645270952021146,-0.5968457146646442
0.05390321806012471,0.04773317401052513,-0.23247525792918072
0.04329635283022687,0.05401713358366279,-0.40179190804632575
0.05360095335174938,0.06331059385520282,-0.18004959287416092
0.05316872378745559,0.06839753171999167,-0.17297811653466863
0.04620189424800415,0.06282312961804248,-0.29922268862258544
0.045046915963205605,0.05412947721495162,-0.36861771189031484
0.043470453706783055,0.10379337147402869,-0.2074269867859924
0.05514958795191188,0.06632841706700653,-0.1485096808225802
0.04721167076514742,0.08081543124715576,-0.2201105526548635
0.0485838643163329,0.056541992459387826,-0.2903352883338564
0.06780356575203224,0.12902155892208853,0.021729436347341057
0.05740545170759465,0.04809400676630907,-0.1579104924509118
0.054937923479210116,0.04433050900523667,-0.2269785920933431
0.05700357387169722,0.06246009869160727,-0.12802455160669246
0.04889898685969418,0.042678633740096006,-0.37726168176698527
0.04618834440923555,0.08110623043602919,-0.2319384773479486
0.04664093336606801,0.03561416379266944,-0.5154990228272855
0.05499313268510599,0.049215172936266566,-0.20332890687700841
0.03849362887964539,0.12134120588574064,-0.21844492913078503
0.04940842920197585,0.03439861383867069,-0.4532616015037273
0.04053176417894036,0.05588535744104493,-0.43782910124305613
0.04780253023545889,0.0867244792375196,-0.19830006378523138
0.04803610939474664,0.07725445024550771,-0.21958463947829077
0.0586812418991267,0.09154913568188942,-0.06902040149051132
0.04789348260090243,0.028808786990078165,-0.5937951294162127
0.055713722421258896,0.019617915588191735,-0.4733569953950985
0.05221404852659237,0.049467859299386345,-0.2584698762892746
0.06346592066626935,0.09939733607230807,-0.015433807326734182
0.05469551002910698,0.06477762792360627,-0.15907482723889393
0.05260009484888861,0.063663565129583,-0.19477239651710046
0.05935667706839268,0.024215824145135286,-0.23304277805226017
0.06127638628591165,0.055818255274347556,-0.06670960415704029
0.05494371132664526,0.0662109268741511,-0.151882614367701
0.06408829552660608,0.10698160456382787,-0.008522067668652092
0.06055177764974713,0.04797271169549727,-0.09272401315330234
0.037224473437111764,0.1242483654964427,-0.22354842618580334
0.04926866289599861,0.07004221149455005,-0.22459794984093895
0.054824680934169784,0.03310933701064501,-0.3073247604613389
0.04655900954473643,0.054669454673404366,-0.33731798799585905
0.0467028084475011,0.055949921159074704,-0.3270280131490627
0.05369227915014296,0.020647979111945984,-0.5476429818410125
0.05465335362622011,0.06597407338369497,-0.15682897603738064
0.037938417878990265,0.1267199726404219,-0.21355419794635808
0.05122728330315852,0.04245022323821174,-0.3244439168094626
0.05085962925924275,0.058970270102802834,-0.23978812910482442
0.04986052435156157,0.06159307315560492,-0.24579834830113123
0.054104932795423145,0.033257145300612585,-0.3276007939375414
0.05325136707212959,0.057678287837083245,-0.20369247022476344
0.059637983730638916,0.08623390504011126,-0.06217990785488575
0.057494523847637806,0.02522557199069015,-0.2975344287587293
0.05359157450897311,0.04101042319832235,-0.2781835592346091
0.056470915710440564,0.017852310269084185,-0.4777580134448882
0.059047076487695783,0.04226182352088016,-0.14085817923505067
0.057218045045196536,0.06984298758629835,-0.11142070555312432
0.052482672955343986,0.027826496018182566,-0.44983482780141865
0.051265756735270694,0.03475906138052005,-0.3951269890281434
0.047288816002432246,0.06132235707568954,-0.28882099192154387
0.054915368319914545,0.03297136791372179,-0.3058602756935816
0.059565338514003086,0.04873545902809662,-0.11151349744882395
0.05532897147750096,0.052820583903402676,-0.18309204116685351
0.059366770720736636,0.08689598872934433,-0.06482726489031884
0.04019251004369394,0.1164569856451979,-0.21301847904500523
0.05846427788640236,0.056252317588119875,-0.11618582831470647
0.06171496851060802,0.05021011064732303,-0.06542569707655328
0.048136629137545614,0.03478463874422872,-0.48479361785099084
0.04334543078145353,0.05446562755581858,-0.39758229529906713
0.049612029007857245,0.05034291631874324,-0.3056630826612172
0.04885519120052426,0.02555389007915388,-0.6317945623725683
0.04707082444817536,0.08051409589605513,-0.22268368479193343
0.04505003757515835,0.06368682826547455,-0.3132509966061033
0.05137449958002197,0.04348543964524871,-0.31333477437813545
0.054921953237643616,0.05303393537546315,-0.19003015127968662
0.0587689475299364,0.07404799635312938,-0.08414883287791036
0.04785452085220113,0.04671194071764937,-0.36704703089590807
0.045235619164733044,0.0942699709237465,-0.20965722850656288
0.046180799710055426,0.062036389232799076,-0.30335744105485
0.05552816461987372,0.0749806138504661,-0.12632379082699924
0.052759912002359216,0.03654354725442228,-0.334945261674332
0.05704829364406355,0.021502261535979065,-0.3698079080021935
0.043568865264999326,0.03627368537750647,-0.5908176826248334
0.0468023328873614,0.09752141768187135,-0.18660174908451355
0.05093705814557654,0.0400516437593053,-0.3511202171610294
0.04371447764581024,0.1013280972124092,-0.2100653514648553
0.05482813582200141,0.040960387397223325,-0.2483341790533977
0.05374489556282456,0.07119071831671134,-0.1580979192695323
0.04466956915664083,0.08474494873232775,-0.23990138819452372
0.06406902933735638,0.11321215227154456,-0.00822323967846356
0.056093756844913786,0.03701628132517953,-0.2406034003482661
0.05298644312377266,0.0634909228332269,-0.18921692015382474
0.057681752770399206,0.05582784290082141,-0.13108597519344817
0.0590263226478912,0.013723012375202888,-0.43530364826479917
0.0446013159761247,0.05504601810214291,-0.37057510655945514
0.04828362374006025,0.09503705867342588,-0.17589324094490272
0.04073442885918909,0.08018321678149706,-0.3026265609539675
0.057282592331155034,0.052226196911946035,-0.14776889999968035
0.05380114985324522,0.03983012731288755,-0.28116531134288525
0.049019648695654415,0.0461785842166775,-0.3460554621892078
0.04131951780568272,0.10718162405012802,-0.22093789307803455
0.052018266217740076,0.046693740095371375,-0.27801871847799936
0.05896096708566465,0.08888354962219891,-0.06794320141358402
0.0557102771637587,0.06051275344104427,-0.15351677634850971
0.060932613043547704,0.03624049743235866,-0.11223319889700473
0.06169858002710745,0.05763379129017864,-0.0572827138209654
0.04761744733938178,0.07240698882483984,-0.24006733248731632
0.047998621819832825,0.0749876442676184,-0.22672239335179128
0.06099827559603799,0.09031424332703566,-0.04430889587893048
0.04268324070780583,0.10993742664918926,-0.20299510341830204
0.04463194335568331,0.09253491412740457,-0.2201121256380419
0.057052092051782785,0.07124232318372548,-0.1115616054198641
0.04604987981033551,0.035733799095539275,-0.530313615381301
0.04608786967485154,0.04303979760125341,-0.43941029882068267
0.060736030092077876,0.09730964262471778,-0.04381857535297358
0.04792555474266413,0.04269006653971415,-0.3999629572245264
0.0568578125495619,0.0570991758287299,-0.14259728502668334
0.06032315853891678,0.03219236271873113,-0.1452779810523817
0.05215203560797205,0.023380540184227572,-0.5495152930938331
0.0448665326352682,0.07292080429825934,-0.2761004566321329
0.04757809370015412,0.03382324525557235,-0.5150867744417766
0.04850009699670491,0.07522994038588231,-0.2193262804497911
0.05047552925852223,0.031592704857462114,-0.4597412854330873
0.05174786863904233,0.0917539756429832,-0.14443114064639573
0.04611578514751632,0.07299038031418521,-0.2587219681716559
0.05320395222851143,0.05732050876684457,-0.20579105149728993
0.05817173884492635,0.04140743386038951,-0.16490423381695207
0.039794026087328065,0.10711561350296489,-0.23531559114838335
0.061127593693255676,0.1081127199227455,-0.03581823035727383
0.060449708213569445,0.0638149535241184,-0.07130447544259055
0.058635653951272605,0.06295281852731453,-0.10109707869499088
0.04764290219138503,0.05325586549842233,-0.3259189883812736
0.04918045099593361,0.06546696714687046,-0.2416416964692494
0.05967587070442209,0.08726549489721583,-0.06101070419469743
0.04941006693468558,0.045958377625543,-0.3392185249082805
0.05915159697300685,0.0751411307096396,-0.07783224675700656
0.04426880172079172,0.037116224900570066,-0.5585481372295993
0.059250163289905095,0.05072160890220614,-0.11336069250446862
0.06203531652785612,0.09953387440677278,-0.029785673368122708
0.04373542003379615,0.036710555603520496,-0.5792497448380924
0.046119131710197055,0.06078455905844788,-0.3106194826822367
0.046906846832641604,0.0407044692293063,-0.44450040769311233
0.05333866545320999,0.0523394049631912,-0.22280219950897595
0.04878547678195757,0.037410620182305725,-0.43342032660852525
0.042600097726185546,0.09464645792421315,-0.23666920838971986
0.04530589793050879,0.047623031040087804,-0.41354154994698333
0.04453520337243154,0.03489289489802716,-0.5865032605456173
0.05230365062998065,0.05155682538909251,-0.2462593317994599
0.05859368403156909,0.05880998446619372,-0.10893245469421126
0.05724884717656408,0.07224931140599504,-0.10728341450729387
0.044751994186070176,0.07964346828700178,-0.25423309970586006
0.04899636999766084,0.055781804138645696,-0.2868969594917033
0.05378298993819722,0.047647526513750836,-0.2354164189103418
0.05049400475804172,0.050548675187005974,-0.28697082936977125
0.04071260981962288,0.10682482705546936,-0.22735716827105898
0.049233329492042566,0.06321982764300084,-0.249394392483811
0.06026317002486706,0.07736684796021347,-0.061225577880190986
0.051377270240884454,0.02439456273405677,-0.5584330372151792
0.05131574351357573,0.03334399858269134,-0.410396385199215
0.0496097239806694,0.03331011085355858,-0.46203016516489404
0.05303796955507228,0.05295985711895199,-0.2258697643020461
0.042699125314421396,0.10774453209047462,-0.20697917799533663
0.04513987666857834,0.08984776753290902,-0.22104192320802393
0.054273277934890375,0.07198894798961135,-0.14900512321221293
0.045939133357433874,0.08898536703727802,-0.2142022590588528
0.052991956444543215,0.039235487960464076,-0.3060505725723809
0.04786287184149621,0.06454046401534849,-0.26552533236247544
0.0542695527312268,0.04031824279500647,-0.2661437236570786
0.0663391074529742,0.1073023919618134,0.01247975397837125
0.05812603544894247,0.054990410721235214,-0.1250029679884363
0.0492703197469911,0.0744545979820629,-0.21126539769643762
0.05482008631432166,0.07258327819822953,-0.14025150059875155
0.05982875603415827,0.013427921196533982,-0.385111283433547
0.045394477130620045,0.055358613285647146,-0.35415487682497804
0.05655011408725293,0.05140137949053094,-0.16439025560206397
0.041518008869273454,0.058182089068057094,-0.403594843479392
0.05979112735250605,0.05750365676782445,-0.09058332878768362
0.04529409674925405,0.10398963998669356,-0.18949871596120066
0.05320008902413445,0.05806750826009927,-0.20321021737338413
0.04721804570528683,0.07281922490236402,-0.2441931278251754
0.054914033137956696,0.0317103251368691,-0.31806570315851196
0.06140638480660685,0.0683535189615098,-0.05257396031675753
0.058017973148745475,0.08240674225173344,-0.08472640296744237
0.06309175592146624,0.07481249911349441,-0.025507022237538965
0.04230333672919853,0.06589962901807964,-0.34441261064724077
0.058180264166479694,0.04406723677705874,-0.15475750993923543
0.05846074595219501,0.06064185860671288,-0.10783399780364109
0.05120438837157095,0.040922506982462456,-0.337115505517324
0.056871287670914775,0.04298180528701161,-0.1891198444273254
0.05160415307331648,0.09717852997379535,-0.13784780373088354
0.05787106819047504,0.08600449385027717,-0.08289022457286381
0.05017726475777178,0.03464402761214694,-0.427858313940122
0.06326941827217315,0.10885529041278,-0.01589800294744033
0.05508553254097698,0.04002832988543665,-0.2476862633889246
0.049670646477321154,0.028134748292109175,-0.5448548308846325
0.05813986414358568,0.0640498322128707,-0.10710622681437397
0.057209013651560836,0.06456572558246582,-0.1206675256593875
0.05023669250257323,0.03971053856038894,-0.371773036393747
0.05547690179325699,0.05541529373350536,-0.17184963870335182
0.046325590182616554,0.05747583190095932,-0.32490890866203814
0.05190916435818497,0.06639328666644456,-0.19717107405124434
0.05842749122723684,0.09087010323622849,-0.07232861566886399
0.052369625528866565,0.030600503231631847,-0.41275054777783443
0.05090189608677184,0.08300676263427365,-0.16984283528011038
0.04600795316538819,0.0834190681494713,-0.2276703307280013
0.04643590866651556,0.08532884462706083,-0.2175593893790647
0.051032778339739696,0.04720766755577914,-0.29586764996929926
0.04717672381254214,0.08100289086764283,-0.22003259385619647
0.05988722760659562,0.08723485248607832,-0.058609285712041756
0.04847724031382606,0.07244824776092483,-0.2280629303927146
0.04411067867841729,0.09357620336695366,-0.22323326412022138
0.054636234243182,0.04189526545506495,-0.2473731970485717
0.046033338210956024,0.04300484221058587,-0.441035493076992
0.04764325714424061,0.05885418475524512,-0.29491093841398514
0.05941947102455442,0.07467475520933103,-0.0747311318236268
0.05929633600229847,0.021197602934588243,-0.2690711782507649
0.05152831553689718,0.05951892990741874,-0.2263428540139739
0.04889837424685062,0.03571890915717488,-0.45078716380438627
0.049519073582419526,0.07081037459408016,-0.21862511681832994
0.05115069731984313,0.05347715944366661,-0.2589760343337957
0.055655235712137895,0.05305571422628641,-0.1761311561654984
0.04630652312650514,0.07716216844620369,-0.24226220244869962
0.05177251145062507,0.04233324180246407,-0.31246103502059236
0.04403153122495016,0.10124206450425219,-0.20711222037722435
0.054897093159613115,0.04545638932858977,-0.22225493466619595
0.06333395110414569,0.11058878714335803,-0.015065260582834538
0.049046623518395754,0.03981448932801315,-0.40069273148706647
0.04712129354438132,0.0307729395519427,-0.5809879301728911
0.05330300560687694,0.05335943612763147,-0.21921135682814932
0.0548784967658293,0.05846538849657681,-0.17311957543501694
0.05287391686189294,0.03661175012365969,-0.3312074155742366
0.05027466211574793,0.08939039187022291,-0.16473065590349284
0.046566406263558346,0.03278578024808574,-0.562243557937528
0.045847370581552686,0.0669907375822154,-0.28589966478488105
0.042456688592878974,0.03825900065777427,-0.5892289662443184
0.04646674885051749,0.06856238596457417,-0.2703122257014005
0.04095722992000527,0.09800491357487266,-0.2453220884851535
0.05553889177575368,0.03280244576559511,-0.2884269146226168
0.06336888019801994,0.08987535203555207,-0.018148688878958076
0.0587803391854144,0.04813985342051643,-0.1291998286794717
0.053326308011467025,0.026035821456769272,-0.44837041181574994
0.049207188057532866,0.06162174765783521,-0.256286336281134
0.04498066338740822,0.09062204246434204,-0.22091023406881377
0.04215292364417973,0.10473206925240483,-0.21814785594237326
0.05051409245422162,0.06102334644414067,-0.23738304091596218
0.05234061719279981,0.07096084864941839,-0.17839954070650693
0.05769818398613692,0.08467982651409263,-0.08622851881549254
0.047688862464861724,0.04868820707662715,-0.3555509347036218
0.05868089275458069,0.01816176820710931,-0.34793458287534684
0.051655734987138366,0.06836253342960695,-0.19519851508432254
0.058981811645913255,0.06386981030746912,-0.09422586860858365
0.04501221251308398,0.09925564292867105,-0.20137683759985334
0.05703989092791282,0.06574220866060958,-0.12108064566526498
0.04942071349924934,0.02939417167466189,-0.530012775089702
0.05728425171287853,0.06941485219508985,-0.11115414126988889
0.0545087792139364,0.06425239429353335,-0.16328139832634203
0.04670895575651843,0.05548227712393039,-0.3296736397935685
0.044129956111711194,0.06543535340933788,-0.31894141012327093
0.049605418353771955,0.026905260071359884,-0.5721773959960816
0.05121575906781678,0.06083963305302256,-0.22656679931271234
0.045035854532509696,0.06595035258301861,-0.30271476475215725
0.049923065366854695,0.03887557735380945,-0.3878253561594477
0.053047766404234635,0.05573379699661703,-0.21445216798150057
0.0525663228889621,0.04695500881332896,-0.26479980358364663
0.04370367130101253,0.03700843297969637,-0.5754452967698227
0.041827032956481144,0.08129842944623447,-0.28503585126258757
0.056395116180756315,0.015743162324146836,-0.5465791206411899
0.05557436825827181,0.07926236079155258,-0.11891686858174846
0.04935811241836945,0.06796379602877865,-0.23015029317972666
0.06094606364428458,0.07742939145465903,-0.052356557110348985
0.053589728546236205,0.055197993273361494,-0.20671533106748619
0.04744664472005235,0.03834319731475384,-0.4577958154051334
0.059139695806429304,0.0866340200469702,-0.06764437562049444
0.0535470937415498,0.04188776870851365,-0.2734188669286271
0.05927013980998079,0.047604885697926855,-0.12036285994630046
0.049952934509455205,0.05104853378928184,-0.29475999355154997
0.057025656732927976,0.052938539338225205,-0.15063398738910824
0.048526588136911776,0.06257926037971907,-0.26324075681193243
0.05291826946172631,0.019655506760156236,-0.614674080180147
0.04856527679416243,0.05491236706102647,-0.29929001580960735
0.0486471932450208,0.08176789432600896,-0.1999905572935569
0.04470601870996765,0.06039317729319794,-0.33603102535090595
0.04288307906899298,0.06278284070178687,-0.3522765246647648
0.05589575897920257,0.04247725696537274,-0.21433213138548865
0.049570722915400815,0.05445294753225969,-0.28335063176255765
0.04689413692583807,0.05311600965610763,-0.3408739321983311
0.05953623770450374,0.0501198982734867,-0.10901383449907319
0.05380191976849565,0.053173001190639876,-0.21059710719273006
0.05436172778009302,0.038897018488420365,-0.27349839739192344
0.060548408500088365,0.025348564383799767,-0.17561513277480298
0.04803208593728191,0.07767662266526418,-0.21844299456528626
0.050423284578273685,0.03568414891128364,-0.4084927304267872
0.0419475755409926,0.1018143083723027,-0.22641635372812222
0.06011189956045538,0.05709450098686817,-0.08561420723633076
0.04961517510557135,0.06536657058381506,-0.23536227703274948
0.056209016677849936,0.03127067843181188,-0.28112544284318874
0.061671131710836734,0.047226981085443376,-0.07048657806732675
0.05915594208180597,0.019736593455665072,-0.2961026648961344
0.05181036104812169,0.02666656652746498,-0.49461331807729214
0.060417664642319305,0.03253029399206254,-0.14086363187491627
0.040315598083421854,0.08786644247969391,-0.2809309358607839
0.06400118240242608,0.11116022074001836,-0.008985386956993866
0.050706656205790894,0.033009264316751205,-0.43301006823577304
0.04786848502634961,0.06017821891452005,-0.2846796612240185
0.040836806391761106,0.11657053853145619,-0.20728388075275586
0.055022259897950815,0.036484722202343084,-0.2734772118234302
0.05612056148031506,0.03400171321062684,-0.2611467976534129
0.052704626388989324,0.039756942777268295,-0.30926355881772594
0.06124648999855356,0.04992058185897299,-0.07518962843923195
0.04994899461545296,0.043196639702698464,-0.3484300049294532
0.05628360662224291,0.03939150657372685,-0.22127595859892063
0.06025884836877305,0.07156165634674347,-0.06625268157928413
0.0558851263196173,0.05948379052020512,-0.15323289925995243
0.04859146035816132,0.0494295126476683,-0.33195835368230575
0.04312593422357856,0.03785956906004996,-0.5777684828299674
0.042287903635798214,0.09342287410003489,-0.24311065767343276
0.05198984827311539,0.03928973053323064,-0.3311336461287468
0.05816278096570497,0.08308980587883605,-0.08228709842294325
0.044335954780915274,0.0737338435413771,-0.2802518385941555
0.05212591998038484,0.08072300294994789,-0.15948465182344249
0.05490624831757986,0.017278977712228413,-0.5841637075135958
0.05197488104859935,0.09622323760263653,-0.13536354913757095
0.04777642794496842,0.0859948082310426,-0.20028618482126204
0.05474497140216951,0.044204744172144615,-0.23198932127951652
0.048839945405564356,0.03516133275192345,-0.4595973283621234
0.05066007951886112,0.05428238263556861,-0.26417264285194864
0.05460739074045001,0.07473579280591876,-0.13905799175153646
0.050848699883526964,0.08556701704616373,-0.16538265099084098
0.04182228387234593,0.10346389605169942,-0.22401743035147736
0.05503290137764276,0.014214211778787733,-0.7012065654763512
0.053097782532596234,0.05792458972112716,-0.20547780354951062
0.052463534467005135,0.0625564804475038,-0.20040234749963642
0.05589673908710286,0.03475760631189757,-0.2619070148619839
0.06037725052866881,0.07960840827607966,-0.058068608221629424
0.05360566001890857,0.0687841181835299,-0.1656536462485284
0.05473301214573056,0.038449299850413905,-0.26702665313056206
0.043609557910963354,0.07719826913952639,-0.2770844777669309
0.05863512199017335,0.04853264632762657,-0.13114632090860306
0.054796412022647345,0.06195806077340846,-0.16468539928434778
0.05643087591826697,0.09284788667512134,-0.09229207458126387
0.04030837980256961,0.10444932312870736,-0.2363980872044926
0.051352707709725214,0.03015161356112699,-0.4526222871159897
0.05928925615452073,0.10265729259468942,-0.05562920763969863
0.048025042424394426,0.037251205802564656,-0.45568880818448276
0.05527397003812338,0.05542636171408112,-0.1754766082617636
0.05773568797251266,0.06731038191055863,-0.1079226089838576
0.044269438511492946,0.048281074312175015,-0.42937241525463404
0.052250224284502114,0.03295872135833298,-0.3868407265221274
0.04891115559938618,0.07517707417899293,-0.21401264383217516
0.04753932140403364,0.06470496754041628,-0.2698506661804598
0.04258353062098137,0.0784445144156964,-0.2857621026274489
0.058673670704786164,0.060634824201480836,-0.104334916090337
0.04939160742060564,0.05021377150513112,-0.3108388816761038
0.06617872638567562,0.1071831915366935,0.010997306282600212
0.05654182951166695,0.05969446740938384,-0.14169102858941748
0.054453890149834226,0.055869961153982226,-0.18876171796683064
0.052462967613534556,0.028336339700142356,-0.44243655034960155
0.05374347809009519,0.055307670434268805,-0.20352551140773115
0.05301954996444127,0.04187377068390314,-0.2861086985931311
0.05361270568099922,0.035231250176674764,-0.3232157321098945
0.0470047565171266,0.07639342636352413,-0.23556010431109112
0.06178974272624158,0.10017936360416041,-0.03204509549933994
0.0540625063978251,0.06640309518140929,-0.16471361119981412
0.042787189313941765,0.10493854491585342,-0.21167446817439597
0.0499959088485848,0.031749312922074134,-0.47258002679432504
0.04888187571881622,0.056007805092673064,-0.28778353757148667
0.05976815434643757,0.06542745790002759,-0.07996406740357592
0.0516893731293689,0.04365372689866015,-0.3049138714211281
0.04941969413710893,0.06429951454663689,-0.24230829692486353
0.057418400645782734,0.09569529032062765,-0.07922646275292204
0.05324137357226156,0.03489363329398379,-0.33698486851943316
0.05749523315289451,0.06041065194946262,-0.12422919807890355
0.05963661882126971,0.06789309543301725,-0.07899744656688634
0.05489227820013379,0.07205887393861532,-0.1402703268507452
0.04536825787457484,0.09603406896747198,-0.20442476650733915
0.04799795907970221,0.06497108268945272,-0.26168627974946573
0.06099608630539929,0.08772474215805008,-0.045641783561894404
0.058156698040152215,0.061184820255168325,-0.11184640130195903
0.04736417960362141,0.059971940620626885,-0.2940678626349618
0.052034532486265356,0.04608978522068824,-0.28130891588348866
0.048542192105575165,0.03878366705460051,-0.4243489371764451
0.054679512847265625,0.05726893070323002,-0.18021092808971012
0.05529997226437493,0.05555065138501418,-0.17461591347319175
0.04465745121086916,0.08781860810286088,-0.23164280587667543
0.05754594316478096,0.05697669573717784,-0.130826414883782
0.05745581209959093,0.08669426807190554,-0.08702060780018132
0.06163461091027849,0.1018742977203343,-0.033034721858502425
0.052290810966994526,0.07677697167398705,-0.16553386719876972
0.05919889671157505,0.07803606545570467,-0.07433874650840529
0.044858444319300986,0.03959135512055618,-0.5087362031273677
0.0496012465823911,0.053093266438326896,-0.29003213496943314
0.05729307061416079,0.07921219839096062,-0.09729472912493604
0.048109180168465236,0.038751614532502386,-0.4358739638413729
0.05633491278517454,0.01641323576169526,-0.5279329037024982
0.057175373341151324,0.056866452367166025,-0.1375965324569204
0.056461921976701836,0.015336791453280771,-0.5567056218575459
0.059084098548212255,0.08124177153152597,-0.07281846936944346
0.05450352120738667,0.027087877696440436,-0.38749727498927145
0.05565040179070754,0.04679570550812873,-0.19979607333130966
0.05267101274042878,0.03017365066813051,-0.4086011134407788
0.05777371297933456,0.020908080619980833,-0.34562173123436446
0.05884122166097758,0.007955316685451293,-0.7741713601779822
0.047532713840065965,0.030477657765342347,-0.5731177341257816
0.060900391312199154,0.027646907558748303,-0.1482845298010052
0.06030076569084918,0.04921080408390185,-0.09549192289438861
0.05032815367692189,0.06199781254378156,-0.23665103204596394
0.049606902998337934,0.02430505926965913,-0.6333289226279657
0.04088121326892773,0.09311741216204893,-0.2590147875791394
0.04072798350148268,0.09143238980741725,-0.26546409373790986
0.05433980904328212,0.04538290965268292,-0.23489439170605675
0.0646492696115563,0.07803821442764824,-0.0044943415353112005
0.0535347141006896,0.03420143103557975,-0.33522825075310636
0.05521509337754747,0.023594751974750187,-0.4147069074056723
0.057347868483801676,0.07251285565423449,-0.10552792945689858
0.05016293961588823,0.04383281831733113,-0.33849204668286914
0.059731464487994365,0.07880792961660006,-0.06685286033571773
0.06343359978586736,0.09615226567412573,-0.016290829999174434
0.06097906270978463,0.04850115214035486,-0.08290395408709884
0.039031130004547596,0.1084629952141961,-0.23942608208604488
0.057041024369112486,0.07399796873928495,-0.10755667711541056
0.04478594624303399,0.07717042031628599,-0.26194043876031675
0.05078245636067337,0.04196028312903913,-0.33883335809731957
0.056494960476577864,0.06499193272404735,-0.1308630035597515
0.055478810243625866,0.021813096682169693,-0.4364895959112894
0.048017259567849885,0.0802203125523244,-0.2117012498682672
0.04615122004362454,0.046894661921649844,-0.4019387108039593
0.05026027818431014,0.06740944265492727,-0.21865960072008497
0.05556688220790164,0.014803471647313438,-0.637223349822155
0.04570959454635677,0.043693922540787807,-0.44148944136649315
0.04910745329273732,0.05388560347158304,-0.2949312187928586
0.055832851314932395,0.03496640230193121,-0.2621702000082891
0.05657028863126742,0.019904453481361484,-0.4235088080477146
0.04652084880912096,0.07328449328973768,-0.2521563616169091
0.056121234087867344,0.07103934578530871,-0.12498377925615456
0.06061719843904744,0.022813068574328375,-0.19211801983905588
0.05227479604333534,0.07568115382476757,-0.16814230906321337
0.05121537609994153,0.09350181534631137,-0.1474262702708293
0.04777832427361854,0.03541054287126113,-0.48634317155183787
0.06152924150485746,0.04086789787666995,-0.08492627894922573
0.04361099796995925,0.09342751467754604,-0.22893686194974094
0.04879751027853698,0.06162817092145118,-0.26290719778320326
0.04306566452797346,0.08513812471262677,-0.2576323538492677
0.05232518953105498,0.0419822496947875,-0.30190879624344485
0.05234286472873641,0.056720616519005486,-0.22314876050443747
0.055663914834684504,0.01980166891509453,-0.471479712409429
0.05647662688878795,0.05917993529650812,-0.14402471155988186
0.05714032185359963,0.05858143637687043,-0.13416670250003618
0.048483899184443346,0.08340549704984315,-0.19802172997886014
0.05695241993629519,0.05933141799209642,-0.13563775038676532
0.04579143140307656,0.03895686752371316,-0.4930727190842829
0.05136890220437555,0.037118249530958713,-0.3672343919196768
0.050049602046911036,0.08011283888262004,-0.18661675408849301
0.05512874931975583,0.06066500862934966,-0.16271737041290837
0.05048206589406644,0.026345822763316918,-0.5510525989777731
0.05697602121636018,0.04489371470028542,-0.17873278781247315
0.05764856624014993,0.037685865321129615,-0.19507138013700553
0.05476690417713771,0.01902974094819526,-0.5377422556996382
0.059571435455909726,0.05919481174707985,-0.09170676253325655
0.0540493189545826,0.07521029254425061,-0.14560083035143728
0.05265413112502166,0.05430488821855334,-0.22734360165316314
0.04414363499174538,0.07096400707304906,-0.2939006105839747
0.05475573228263381,0.032684042296070054,-0.3134333147830362
0.05111436681827329,0.0419569406331806,-0.33094961101014125
0.04725881382207011,0.05021114282409954,-0.35333165469029637
0.06000309932965766,0.06070739800798926,-0.08231123115645209
0.04791319362789468,0.08356404874367303,-0.20447556848900328
0.04364951304725004,0.09470047288674587,-0.22545280189132136
0.049471613184786684,0.061651629152720246,-0.25187309773675565
0.05118550551839958,0.054468808806539024,-0.2536221148266048
0.05760803560409869,0.09102315858814165,-0.08120971091926407
0.05010878051781795,0.08394765965945433,-0.17738695209122463
0.04747957205866621,0.03275619884178161,-0.5348736593632443
0.04492366859355223,0.08958714851530002,-0.22409834154972647
0.04646278271824152,0.04836036785862529,-0.38331423234722733
0.05025019054777488,0.07062116775802676,-0.20885819252894847
0.060379246220558125,0.08073800616864611,-0.05723145763334822
0.059812559371081604,0.015733391320938265,-0.3297089942722561
0.05342819470416523,0.03725858584579943,-0.3105809045927434
0.04803653386547679,0.07399091371337535,-0.22926417965638296
0.05304940071554724,0.06820677853070653,-0.17521131391761344
0.04446715508590426,0.05039586711909293,-0.40743112655594516
0.05871450195536117,0.07264086473973488,-0.0865284033602733
0.046810578152254145,0.08840077386554221,-0.2057608893267384
0.048291182835994255,0.06544992099767695,-0.2552916322786517
0.05613735614103949,0.06358706290347826,-0.139378097592171
0.046270778692573865,0.06372057334208643,-0.2939273820854933
0.05610672270152112,0.08063688885863646,-0.11028795163550495
0.052178189959290376,0.029813328663137267,-0.4300697243700658
0.0537457589113904,0.07951872320836928,-0.14152944909740584
0.05876106119360913,0.028988705306665655,-0.21521964297440666
0.053297916865492095,0.02820002649570916,-0.41496709715107766
0.05613287638793858,0.07565391319511494,-0.11720641058173287
0.04955235326660173,0.08855788387362054,-0.17443559012140974
0.057920532575104544,0.06546276724701386,-0.10814494593823322
0.05529383053870051,0.03732781466625136,-0.2600251192865835
0.062043269742232184,0.09670552829858603,-0.03057457324092867
0.051868493348451124,0.03444928299248636,-0.38118374348786754
0.0469419676673095,0.04123382229062842,-0.43794223599772153
0.06064641069602558,0.06814812713112217,-0.06388421057555674
0.051076111980544715,0.046442350582454904,-0.29981014838459713
0.041503056091301886,0.10774678383077889,-0.21807559421542558
0.06462818918659767,0.11533010437285048,-0.0032238834381030763
0.051618192048687415,0.05223584725510416,-0.2561805475454406
0.04913711656456723,0.08677973584516498,-0.18279478821802142
0.05335683795363955,0.03953719179815682,-0.29448631824436355
0.05891180175640604,0.07169238355741415,-0.08492113027206419
0.057914589496813905,0.05913196919125178,-0.11982368590279151
0.041046167229268155,0.10400465252933597,-0.23031501176329908
0.050539953940534614,0.07585099717557238,-0.19063752090160008
0.06012177536174483,0.03407976410093374,-0.1431413851283529
0.04732739412053386,0.07053437188262564,-0.25055310492981564
0.04854974810604428,0.03740456131667255,-0.43979267006195993
0.058976095199672444,0.09241229823821462,-0.06518509890100897
0.047859557755030945,0.059500899873797336,-0.28807030282439927
0.045651988477888,0.07264924583857342,-0.26632088604337717
0.058215698238024874,0.0464653896994107,-0.1460076372083278
0.055022367696138316,0.03355927238884348,-0.2973137256449777
0.03896032209105089,0.11238676170199571,-0.23169702120251334
0.04544889293438113,0.08440723966955534,-0.23162831934984737
0.048626605754058874,0.05478784291090287,-0.298850865009741
0.05135972138509063,0.05269457686295737,-0.2588554539565543
0.05901879001462971,0.0579458603045387,-0.10322066069837617
0.04969408326639558,0.03421092026637782,-0.44739856789666477
0.05953828928675741,0.03824931901022808,-0.14279236479431437
0.0546341042361736,0.03877287825887143,-0.26734914273367455
0.048689648145423994,0.03915734771715884,-0.4165336215411948
0.05580497781014586,0.06800757527767863,-0.13520585247026332
0.04738159785329217,0.03817077124012206,-0.4615678849105563
0.05148951818723514,0.06417611691597065,-0.21052195835492638
0.04865408480386801,0.08776417608541771,-0.18624814731039124
0.05806403703222294,0.075819811579284,-0.09147955954129744
0.04355157847721609,0.06091305685958964,-0.3521153366547431
0.05420001284274217,0.020244503309315848,-0.5334775070667224
0.05302683515673005,0.031138684770158163,-0.3845109365294859
0.057716862008566,0.08523076697095262,-0.08545198230958259
0.05560325142867007,0.07336137320637029,-0.12808850435359587
0.04422015272748609,0.05639555313474583,-0.36846606013180944
0.05507601213052382,0.09007211323987764,-0.11017825065397191
0.04519614647399747,0.05317629198056866,-0.3724188503636005
0.050844077090643376,0.05411809416714258,-0.26157467529503825
0.05101764141828765,0.061686599057694795,-0.2266676846398163
0.0497270031851608,0.028951335879208555,-0.5275403138066429
0.05436783362723702,0.06685789849784443,-0.15902633214093287
0.048131531006189776,0.03900133415278245,-0.432510050239058
0.05000045736696074,0.03189511790251847,-0.4702770712082831
0.05600190517307978,0.055019441856481714,-0.1635439132660009
0.04507515942323676,0.07828945854433288,-0.2545022145667341
0.0524795743009626,0.05017873964862526,-0.24951654399275888
0.04790742716530764,0.028319750279023198,-0.6035566227204006
0.048402133968730866,0.04375468855042839,-0.37933914241303934
0.062213254884747216,0.08169645996308454,-0.03411096535286852
0.04809022283723693,0.06186365484093656,-0.2733394463395573
0.0557976199391401,0.04355397212449945,-0.2112868152313367
0.04294944664528901,0.09418520974980187,-0.2341190661812735
0.054015840186386256,0.04577501804117582,-0.23995970473967282
0.05192514006242955,0.026558823032853868,-0.4922981685369323
0.05099216940005092,0.05255338099671474,-0.26654480328915
0.05145711697699165,0.025580437547073193,-0.5294234314048264
0.04132529613656519,0.1057214923731738,-0.22393463554097665
0.05206537199903391,0.03250563909272927,-0.39791951064451636
0.05292272662588146,0.024909468977750093,-0.4848466815935071
0.05606214991969971,0.07457964260166214,-0.11984302644138839
0.0559175901246899,0.035514504819123445,-0.25573804059966815
0.04440135211611337,0.05821339106761882,-0.35384724212269136
0.04608437648648834,0.07087117383032697,-0.26690151286047065
0.04509406755160726,0.107734997758992,-0.1847675580123295
0.056179410743489845,0.09684625348754365,-0.09107827033954038
0.055839990116329744,0.04187860934010471,-0.21872765184918042
0.05606866275906851,0.03698980191389556,-0.24145404351506827
0.044730818522500035,0.09155662857923005,-0.22138409629139733
0.05183781225897203,0.022831073941140978,-0.576503224288108
0.04822524703898324,0.0578507477780802,-0.28996605238995304
0.05088930077480469,0.0439983232381949,-0.32070993134906167
0.0424532565377725,0.1144579084064153,-0.19698720495720476
0.06117242856919749,0.08569978932165874,-0.04466255356167111
0.05747396646450183,0.07706289283783284,-0.09766092678788442
0.05263918666147399,0.04324193906951705,-0.2858524294818138
0.057340128400365446,0.0304729004399448,-0.2513666729798311
0.0633371923074632,0.08351255353143085,-0.019910871147186184
0.05700841817304782,0.07514033619572034,-0.10635541749688564
0.04248141685171547,0.09340777246208087,-0.24107825885073975
0.051193001001028866,0.08687020941209232,-0.1589382492849062
0.042689908658384554,0.08119357013501845,-0.2747765778067837
0.04936237616422687,0.06248950819430572,-0.25024398955340305
0.049614666659481575,0.04067851271774656,-0.37821769559943536
0.04519625323842934,0.03813686123144462,-0.5192809822860323
0.05575137466631765,0.02919121975580806,-0.31682901266372016
0.05849159231682219,0.03155929416666731,-0.20622792286818462
0.047900329235435725,0.051877853229625036,-0.3296140780705908
0.04934860223387882,0.047135311778867685,-0.33205249260997194
0.050525045293904114,0.03971864501155281,-0.36443727377622304
0.05959348080449484,0.0679284196589121,-0.07959141729857443
0.05041013270688644,0.05389588780380484,-0.2707046471935763
0.05077471279103076,0.04741657400187573,-0.30000664342401684
0.062026464934674404,0.03997707199897197,-0.07438101183103316
0.039961611824089395,0.08473300222154279,-0.295497474649196
0.06373950322629451,0.08029153349340111,-0.01569899986788874
0.04314403725539509,0.05545552552384765,-0.3941169529663216
0.06105729089356603,0.09986277034632089,-0.03948127107590533
0.05970752376028419,0.05703085496894292,-0.09280022616876282
0.048873986808898616,0.09124725611132069,-0.17672874646693837
0.05061510311244959,0.03689615138027703,-0.3898752674578387
0.05223488799053813,0.05650611842187693,-0.2259067224217568
0.05763821322731162,0.07859163811020274,-0.09367137458523944
0.06221569921048796,0.08347256459468685,-0.03335587930036197
0.05498187743213301,0.018312864706482353,-0.5470538186371681
0.05712586902265855,0.01461370841665845,-0.538818125614548
0.052453132265636034,0.05839242035518382,-0.21487151342665853
0.04964093931035076,0.036150257289597865,-0.4248672579729818
0.04939893581692023,0.06422232835757474,-0.24292274325864882
0.05597551206658543,0.06652786040568315,-0.13564975452966252
0.045708685927202,0.07860717835239427,-0.2454141527166318
0.05367260755061246,0.06694973305477407,-0.16919249610928513
0.0500228066297724,0.032832287137552534,-0.4561727091225748
0.04597477077416495,0.06457784411726736,-0.2946092345741212
0.056001724193963,0.06057513694927391,-0.14854734564731115
0.05157998935252845,0.05150411322755076,-0.26056192033013925
0.04666912732037457,0.03968308207769836,-0.4619316776790194
0.0477064957651191,0.06417021196225381,-0.2694942669825258
0.05926994818317032,0.06491857168286902,-0.08826521699863199
0.06426858936122722,0.08767459606597257,-0.008342332575132954
0.04513044060122476,0.053556555075362805,-0.3710014464301435
0.05027700983968673,0.04503834524754281,-0.32689900304710967
0.04265488507148716,0.10583331777852531,-0.2111349752378915
0.05889352882106847,0.07913371377108705,-0.07716649311563895
0.05889402811601622,0.02607557367130074,-0.2341644314695991
0.056830907340659854,0.027832268469684267,-0.2935115644000835
0.05285648137561013,0.07551634544262743,-0.16080649233238853
0.06396370806539135,0.1036461797779705,-0.009998361124631707
0.04669122686659024,0.07090545267036649,-0.25821389531952804
0.04297796366118344,0.08088964670102435,-0.27224789867375804
0.051640815265723186,0.04962025923397511,-0.26922843492783993
0.05949348545953425,0.07293283749845281,-0.07550116969715552
0.056885578492177666,0.0916157451313484,-0.08857016330750557
0.05006725333429484,0.052791667241886504,-0.2828618122114747
0.06144623521056067,0.07345648316554977,-0.048379185012576376
0.040321358948557894,0.10298526547985956,-0.239632737134308
0.04083618348198605,0.0947680607201208,-0.25497848467509665
0.051277845594824824,0.03365238469268011,-0.407761724183545
0.057290554361465434,0.0731259729247727,-0.10542691372415038
0.05461919673987382,0.01870671342401364,-0.5549239476133975
0.06153665278453555,0.09013791377951211,-0.03842275764154253
0.05638482090975598,0.018684283834751195,-0.4610922830352488
0.06355918652674807,0.09797346086327902,-0.014706160837398381
0.0577845371604559,0.01689590986668674,-0.4270538193252708
0.05587809080227329,0.043134435446886575,-0.21147626260134883
0.05199244935633718,0.056869905285776165,-0.22872467570147625
0.05033501862333434,0.053580143252393,-0.2737017948530904
0.06211539566464165,0.10442178978299091,-0.027624544085608264
0.0528766177141266,0.04721613561044565,-0.2567635434186473
0.05314294732610353,0.055514823933434446,-0.2135835410036386
0.03933736268312687,0.10841608021590128,-0.23670508346887476
0.047676489403287725,0.05981394921003273,-0.2896232538647785
0.0459370826434036,0.08971710247897313,-0.21247807641875363
0.06426153884522283,0.07366264830957825,-0.010024906404039127
0.046298921205127595,0.05783454993730302,-0.3233547907806973
0.04949198653562204,0.06451741233767266,-0.2403694274533482
0.04750675847793388,0.0321205342948149,-0.5446124077982721
0.06165485388516959,0.10709525336356986,-0.031235241616864355
0.0504206700033919,0.037044077367937134,-0.39356709715834337
0.0439511416153123,0.09669457355067032,-0.217683967277208
0.06189630471213924,0.10669206389271173,-0.02909021697229326
0.059257829039654646,0.029687007970756893,-0.19342370123663746
0.05452269129006024,0.028538548610958257,-0.3671282955825118
0.04449272381484772,0.0599274285106599,-0.34220183803655857
0.04540642537242752,0.059876802454600885,-0.327231479042798
0.05359384874926606,0.03268967044004858,-0.34892218542405695
0.040994286327125186,0.11150650353252914,-0.21528532338808176
0.04872257039062497,0.0461026458449156,-0.3530693154603442
0.04677570458716265,0.047923847994859346,-0.38027612922051285
0.052186257887432315,0.0622083162355708,-0.20598117563646212
0.04412918681203711,0.035459346433286694,-0.5885842602099081
0.04495636199325831,0.07649740309130044,-0.2620172345304246
0.048435584051724156,0.03745710365746881,-0.44222361931000403
0.047892257906532086,0.0718805666131855,-0.23800232663065482
0.04245089146860821,0.08643110105447802,-0.2608911405302931
0.04243883898794823,0.07617808644866335,-0.29616339900131006
0.05448464089182427,0.06375511821790944,-0.16493356772134204
0.053618407925355,0.07268327796124349,-0.15659161768562427
0.061374991667539194,0.06405025101550658,-0.05659631734438
0.0554669218136699,0.05331190399275867,-0.17881706471457065
0.05191491032324903,0.059814884484984676,-0.21875975836809847
0.061483702761523644,0.08038893867160705,-0.04374105811796587
0.05721704867281381,0.056441684424624765,-0.13789367568538743
0.05020382781055043,0.045838555074865395,-0.3227888000676256
0.05717942320731063,0.05774281628505299,-0.1354380907588979
0.05324684228177296,0.07225252543544856,-0.16266777731842022
0.0488698393158644,0.03485614019327049,-0.4627638228070294
0.06343019077827283,0.10610590250660877,-0.014794739827309746
0.04490745557985395,0.08077649215931224,-0.24874247300214936
0.059506486698790474,0.08872089518788843,-0.0619190472500943
0.05456382836224178,0.041027733099293175,-0.25436871231713304
0.0499665293200089,0.06965458057792193,-0.21582888814000253
0.056798915085713164,0.07674011866255531,-0.1068682855489053
0.05439405216939111,0.05213997889452837,-0.20341296746711748
0.046659115553872976,0.05991985378694336,-0.3060902737069685
0.046755786682314164,0.03525140230514103,-0.5175457464007076
0.05148512401414039,0.046323088580530095,-0.29175248024243366
0.04577948760006781,0.06338054961644306,-0.3032556914739304
0.05885266293240218,0.0992505686248703,-0.06193755010948535
0.05447432311060304,0.03766801041516525,-0.27943278058453797
0.05600444969225031,0.05093814033696183,-0.17659754062953734
0.04922151988532878,0.06874310484346208,-0.22952818541730238
0.05245555864758507,0.0628080113088534,-0.1997267719674906
0.04719363888778553,0.07586117759040177,-0.23472297264295827
0.06104321087884289,0.07191788176085959,-0.055018154376601056
0.061676514670295106,0.08068607975119643,-0.04119031857729604
0.03871679647804693,0.1055413167072453,-0.24903236326734926
0.043862028609774825,0.09428594203238241,-0.2241900641239323
0.04820945542532911,0.05912273773285345,-0.28399470691866635
0.04887895749508668,0.09491923175797407,-0.16983958051850762
0.047666997238856125,0.08461322396312114,-0.20484980892228508
0.05481933745970996,0.08120636130771272,-0.12536779602416584
0.04865009116865652,0.05767319311971303,-0.28349234621717156
0.052493491204481185,0.09836263043387428,-0.12714695347565458
0.049344369767139164,0.06837837211680647,-0.22895587812645363
0.05479757515354504,0.04289578425032492,-0.2378421335513334
0.048353401207239716,0.026585027269660413,-0.6261644430117947
0.05918398982713789,0.09085547847483315,-0.06401386323085775
0.042127165731556525,0.10449539987453244,-0.21888843237029454
0.06146244747712664,0.06665223952369016,-0.053074773603308735
0.04556619991837392,0.08017669528762338,-0.24238714269663864
0.0510453978373165,0.06612104665446338,-0.21104629870134584
0.058427710487216455,0.03641325106411976,-0.18049169795936273
0.052542446253508575,0.08698933868985081,-0.1432078221781547
0.048046996884766484,0.09502968280024536,-0.17839692415757225
0.05309769467420009,0.03603662668873526,-0.3302835592411448
0.04696237036981338,0.03932773527795794,-0.4586490806730027
0.054004178586335445,0.02791938004681399,-0.3938418903008321
0.044492101097054045,0.0676923021405455,-0.30295762227685247
0.04667959215999264,0.08432957773821134,-0.21724771226627443
0.04346060631234433,0.06701281057935461,-0.3214220311226814
0.05127240796940243,0.060636774863561504,-0.22639053712018745
0.05062543618657245,0.05137763349961432,-0.27978252080324917
0.06167119733404172,0.05860083246090278,-0.05680469928783326
0.044220646499725694,0.06362927331994837,-0.3265690839464575
0.04491589251487967,0.03526181882463801,-0.5695709454183695
0.052752757383942944,0.022492365932491275,-0.5445066407338386
0.04430131185984129,0.05268179932077329,-0.3929001743871129
0.05140666160107184,0.03019602621498322,-0.45016977737895764
0.05170169049152291,0.08001797277502101,-0.16619153231820427
0.05234938802640703,0.07033108652111912,-0.17987226700662765
0.05665069832649707,0.01617297689182065,-0.516250145495819
0.05963921504872836,0.09653460802248601,-0.0555322599955339
0.04936055328535125,0.06479162467398945,-0.24138068451503417
0.04457340470462341,0.08790581089900357,-0.23236911287747566
0.05014588763373384,0.06137552353170877,-0.2420201329703037
0.05216412826527406,0.054080491908465776,-0.23734754033767608
0.057285377568666314,0.05291505886962109,-0.14579257013286076
0.06180841263310158,0.054805130355583896,-0.058235193424245636
0.05301082457270232,0.04454758174156323,-0.2691319025317976
0.0596999424956905,0.01786021085985102,-0.29675223578820115
0.04697129859330395,0.043794738867605626,-0.4116636352416212
0.04536977574470613,0.07998036249402914,-0.2454380505809704
0.050843766701708745,0.058763160113143295,-0.24090319974342217
0.0515830543459946,0.056656186408346375,-0.23681342682162723
0.059598826409566166,0.08989163087203444,-0.060085388795790076
0.05894734700496785,0.012086029472186949,-0.500797471076904
0.058501771408184675,0.05732788775260874,-0.113351962658342
0.05917940838663937,0.014760445257737422,-0.39433712951914374
0.043292905417285595,0.05343575569455576,-0.4062278955460905
0.05193745356579976,0.0684682273621266,-0.19078260000967726
0.05402846462484065,0.039869438440694446,-0.2751866041825356
0.05766018098885821,0.07015085652379852,-0.10462907190095072
0.04836300088583448,0.02759070713437698,-0.6029928494814274
0.04587543110626679,0.044651497615372036,-0.4283074457764493
0.04328783437422296,0.05423745727835322,-0.40031680530942976
0.05330761016968558,0.03901899209325056,-0.2996589405069986
0.045111946801389316,0.07242867190527255,-0.2745881247777361
0.05018631023168441,0.04368562104317918,-0.33909761185891424
0.05662005269723982,0.061822529204742314,-0.13554843857985302
0.04042373045412138,0.10952779595787977,-0.22438385919250783
0.05497634956626343,0.04426329230811962,-0.22645514852264703
0.053858769093354956,0.0672093527361164,-0.16576905524427202
0.05667802643337741,0.052633989315070046,-0.15811025679256016
0.059069144584472065,0.0914752778468329,-0.06483560974210562
0.05803598419597254,0.07294652124263494,-0.09546741483207581
0.04890887281953215,0.05425825403882456,-0.29656551736725306
0.05591154029517178,0.08912715023065426,-0.10197184226476426
0.052632925634593306,0.07452102552090317,-0.16595416231809273
0.06078358284653691,0.023106480829537035,-0.18247768600371372
0.04270755508545229,0.03767351494452475,-0.5917272372215315
0.04731706682268565,0.02830143960359443,-0.6248068446337455
0.04863854771592074,0.077445885505123,-0.21126302807909614
0.05572417220553424,0.03082915181099883,-0.3008784624154484
0.057533459388687425,0.05439226058623566,-0.13727211428314928
0.052335266446025014,0.044782880548264535,-0.28280301309170214
0.04792585020796994,0.06642159086938049,-0.2570572244438823
0.06137180605586649,0.08680706161425104,-0.04179606908313864
0.04533706773653159,0.09915291189562064,-0.19830917607510912
0.0528505680167227,0.05088491111721771,-0.23876295971688058
0.049558942090069336,0.05860497428054579,-0.26347691641349974
0.057699235005938085,0.049814128136576506,-0.14656012796299972
0.05563502857377912,0.03255275624228609,-0.2876859752371988
0.04032440951725236,0.10255034249335321,-0.24061928885656322
0.04966383002580149,0.06691344769733364,-0.22919413812852488
0.04875077051835971,0.07180770155263529,-0.2262881157633148
0.05321918027077167,0.05693157305136313,-0.20692946106723226
0.048597693425252476,0.0481738414043217,-0.3404815994863981
0.044552977283165804,0.08883395174949958,-0.23017126125934592
0.043610000349544376,0.07709934986615184,-0.2774342415025508
0.06486597880462328,0.10696672415479057,-0.0012529241821296303
0.05618630521385979,0.06846973115904127,-0.12872395782696722
0.05344939315835351,0.05398986264240048,-0.2139402894604759
0.05442010114796685,0.08647010959149218,-0.12235324902460988
0.047990977040074684,0.039612597633999526,-0.42938418523016675
0.058116920662725856,0.02310822953787369,-0.29786268679705585
0.05243603704220699,0.05829789670940214,-0.2155131431314009
0.06278324031879907,0.07710357197911452,-0.028750414854987444
0.05013676026934366,0.05571174498952626,-0.2667882640087941
0.04528913721733331,0.05269293994278435,-0.3740702797010257
0.04805338627263072,0.06952337678981745,-0.24375418039031904
0.05978980184209495,0.04013435689014449,-0.1298189023475914
0.04833171755390318,0.07288857419256113,-0.22868169161961682
0.049729734597601626,0.06309947392228643,-0.2420030541174606
0.05726983411607487,0.04419588631107425,-0.17490690942401507
0.0571117072408667,0.04388901727487758,-0.1797327269765191
0.04266018192093796,0.10843357718869491,-0.20602306645465118
0.05208583529770177,0.06410579320014552,-0.20145082148782956
0.04936942060096089,0.03886002408081791,-0.40222773322352834
0.04359344889447284,0.04289209343293565,-0.49907918668035123
0.0533850723453595,0.056584942381075705,-0.20526534385099962
0.05870604861047974,0.04245525074963784,-0.14824906880508656
0.04261987654103738,0.07772362065698342,-0.28794494221689065
0.054527805978155,0.047778540238614144,-0.21918195845969943
0.040823572715178606,0.10318112951419954,-0.2343105507630084
0.05018270641932874,0.03181157470359861,-0.46578309054895956
0.042942384501862066,0.0820283753769658,-0.26890225969697656
0.055822387118585864,0.05669376093150564,-0.1618804738056104
0.05060451988318885,0.04277362527745628,-0.3365503864456925
0.04860846083816886,0.03349548872679669,-0.48936557682520887
0.04764831616295997,0.029938829101118107,-0.5795712243266057
0.04137972675302195,0.06215795944505504,-0.38000400041860055
0.048250007670468886,0.09188818404219704,-0.1822866835831597
0.04828996973169941,0.07848175547559147,-0.21291611237592106
0.05190994180665591,0.06793951795741841,-0.1926722265169497
0.061606656685231964,0.023794130582910654,-0.1426126204924333
0.03858360087735042,0.09424275156342433,-0.2803016538080559
0.04466089646370995,0.09671683685934306,-0.21029537562182224
0.050154667298261714,0.05606142605042846,-0.2648047641239913
0.05093461472177313,0.048236828902130546,-0.29159017286904665
0.0523873901694737,0.058649445416665266,-0.2150507944435298
0.052470545298524914,0.051629172079627986,-0.24268168937806778
0.040181625551863026,0.0969135501276716,-0.25608776497653674
0.06545796803582157,0.11823335469509706,0.0038734250330846962
0.05165790472367129,0.05673968299153043,-0.23514574937474184
0.05319183056630498,0.0794123658939077,-0.14869434124995531
0.04492382803576291,0.08031535058431837,-0.2499668098087961
0.05605421297826911,0.07281194186716079,-0.12286153606576955
0.044640549324371226,0.03544803297251086,-0.5743464155378399
0.05242517845246173,0.031602913224852494,-0.3979007080160397
0.057252324133032474,0.06010794719607969,-0.12889603169600244
0.0481328370682464,0.06944316145880372,-0.2428916336385381
0.04614436065601616,0.06759902683247088,-0.2789335916138755
0.048896739749731674,0.038413845075577165,-0.4192045919533968
0.05487982225875853,0.03836001071332004,-0.26382103531914197
0.03741395162721387,0.12399948135503208,-0.22246906254230592
0.061499219984148944,0.08024799976143307,-0.04362451433379554
0.04611885202275464,0.06544074605708175,-0.2885228105556128
0.04961734184742381,0.05502455189455198,-0.27955989868041514
0.054468595563533784,0.03859379443412135,-0.27287818134708325
0.05515923801084012,0.04599950447679748,-0.2139319129866636
0.05744317230278969,0.07293377794519369,-0.10361217957047163
0.05756267684674187,0.07157425145663183,-0.10391059636529407
0.05175098899090911,0.04165124649615206,-0.318093985742177
0.04030784652484139,0.10165454533992813,-0.24290260108477382
0.04697704140476937,0.03274987880818822,-0.550321382890873
0.04591422099044744,0.031491402497772034,-0.606063163141205
0.055794584789730574,0.06530700007894247,-0.1409560261402608
0.053341709872392784,0.045697161074057295,-0.25512066512652004
0.05738464879327233,0.01923962979320875,-0.3958158908762243
0.04620705437196655,0.09710290536041218,-0.19353638862071715
0.053505185057316544,0.05260107268013017,-0.21852814699395998
0.045195310488939155,0.08872596103192573,-0.22321189064308522
0.059523693171180704,0.08738709038345514,-0.06266722927596315
0.05999285835521424,0.05973326941247602,-0.08382500562977652
0.044373326223034214,0.044925254568537805,-0.4591331529462523
0.04578215908516486,0.09655782592215376,-0.19902934569310654
0.05290084267485997,0.029123892739465577,-0.4154375046418349
0.047332515817972785,0.03471706028949358,-0.5088991992612325
0.051518164610170725,0.054836014113288666,-0.24585731854938309
0.05728212161605849,0.03622894421399985,-0.2130307286448363
0.06067555112420775,0.024270307710826913,-0.17817857636238904
0.05665363215651024,0.08874462695599256,-0.09404927520433021
0.045609878204651365,0.06518417979376737,-0.2974666837366977
0.04615320311675565,0.03697467406938161,-0.5097217854545258
0.054032728685340474,0.03225972125136926,-0.3399679504110416
0.04497773897190463,0.08155709248701186,-0.24549993651728033
0.06268961642899813,0.05259768347179964,-0.04392557653685617
0.053377954211499844,0.08134341897977473,-0.14287628838652416
0.04388950992522336,0.073038756799663,-0.2890313444501843
0.05350050926828191,0.04428293608203773,-0.2596822105565528
0.04804449702803326,0.05698371581593428,-0.2975499707097987
0.053376795249163916,0.054021178750302504,-0.2151601468113281
0.05015788653940959,0.058822133010915066,-0.252321918653244
0.04996155226526981,0.055553783995326386,-0.27070069135156194
0.05195024852829657,0.06483141231697026,-0.20128747786491658
0.047725644187725326,0.04430963119890562,-0.3898555538575849
0.05535234887255441,0.03670898855115498,-0.2628144089015507
0.061201236862970916,0.06487079937134352,-0.0585589074567066
0.05360790335067617,0.029752583446364958,-0.38289436847930836
0.05052565888839804,0.029402793484858115,-0.4922777531004317
0.05743703175118325,0.03782344441256833,-0.19995450880469418
0.057042278613965,0.06410624977704797,-0.12413331638819582
0.038948785832379776,0.09782108117752869,-0.2663149277643097
0.050553375832635465,0.027616439428778977,-0.5231168270124559
0.05299892802192407,0.04960474338361385,-0.24193395952614283
0.055087181431133274,0.04108576640535147,-0.24127135590138515
0.06360222472063173,0.11189935637929938,-0.012491361207032353
0.05394939646318037,0.08212228413042134,-0.13456278833245516
0.054337036498763286,0.05803275301886922,-0.1837404387444738
0.05421031506598099,0.054578140291221135,-0.19769242551041136
0.057399556221670124,0.018717943442685642,-0.40605122040262825
0.04778961265937654,0.05496446551810886,-0.31311843348960144
0.05641341537795625,0.01654264930910736,-0.5190574049899316
0.051835686232258295,0.04353008423354976,-0.30241875244513383
0.044789675063325665,0.04121045586199975,-0.49041740776544823
0.046480071461803475,0.04710143480676304,-0.3931924497454449
0.06424185268040906,0.08724660780458272,-0.008689705407103693
0.044458130580110396,0.0861579532084139,-0.23842104709938206
0.06129271534217853,0.08716335144888612,-0.04253260798485331
0.06441514248946183,0.10428513694865847,-0.005608253751693414
0.053034232953906614,0.050230719415799194,-0.2382161192445467
0.05072673496625082,0.033589427128006735,-0.4249332678212958
0.04961018800623667,0.03611232777615337,-0.42616505059321963
0.05940715095782393,0.09017579396147593,-0.062021622394202565
0.054817351460234226,0.08338007679103179,-0.12212328090421
0.04541830917194563,0.043275260813436585,-0.452491572782721
0.056656426149730765,0.04015032738303524,-0.20780836406815092
0.056255691666184084,0.07582048273260603,-0.11532910393955452
0.04353230431941028,0.04885428997121376,-0.4394229389729962
0.057551805246683824,0.07525685593569542,-0.09897031520530732
0.04834756493896866,0.03825442335995435,-0.4353074389421724
0.0617915672921211,0.10070267831039593,-0.031860450602808704
0.053554360342451354,0.06631307425709705,-0.17260004585481417
0.05150827518162117,0.038430604674364086,-0.35106720106797495
0.04493045635205136,0.10287142464918828,-0.1950934743675391
0.05803729094976052,0.0944087219888644,-0.0737506970072187
0.058358802404506464,0.06581748417777988,-0.10090324293701308
0.060606955313774316,0.07961773920968684,-0.05517670722420109
0.06084943921135335,0.09202628417470456,-0.045101905676938385
0.05905860728076352,0.08829582649901009,-0.06728962120653675
0.05979271288058235,0.09187741066538507,-0.05667646793380417
0.06448267990337024,0.06815554081883692,-0.007590286723787303
0.05493682788444144,0.015098866688002385,-0.6664852616756196
0.05007894396271719,0.06912029934026533,-0.2158708249197454
0.051854289116046906,0.027534692791431198,-0.47742355375194323
0.05408577304078107,0.03355895850299124,-0.32522543744157334
0.06295649761324298,0.0574322765250388,-0.035581079323333285
0.05690305385728297,0.07959514117155096,-0.10172663837941728
0.05324286071673645,0.03425571135136006,-0.3432169065961246
0.04803305427570491,0.04414867922336515,-0.38431377841345576
0.044698060509956505,0.05655467901243443,-0.3589789535465279
0.052348034293348514,0.06560817564302578,-0.19284129733298577
0.040328016100794624,0.12109906357988574,-0.20373389496054975
0.05808796446091281,0.06477964764610333,-0.10670072762433391
0.0599407834803854,0.09228036385967747,-0.05482441017796266
0.04330231534511189,0.06922761250649563,-0.31342529186388185
0.05153643159771651,0.07079404175847709,-0.1901794002412827
0.03925760933380244,0.09772043396430073,-0.26342894338354844
0.05482964110872342,0.035292986531586155,-0.28816940391752965
0.057427064559340976,0.029487532834585165,-0.2568182113824364
0.0597299116006872,0.07985074615235926,-0.06599923799405968
0.04563885609820167,0.0508287158057919,-0.3809095625349666
0.06326390645458177,0.09733158274747711,-0.017836898326440018
0.05988236189909557,0.00932772539316751,-0.5486480235206178
0.05951503495643627,0.05237237928031554,-0.10473011001097073
0.0627128990669237,0.10466125581830193,-0.021852412482483853
0.05196776383254227,0.04228329485817141,-0.3082124089707546
0.04197807752795511,0.04837968306147769,-0.47585930736235205
0.05329615168157257,0.03961833279652493,-0.2954149630308023
0.05318511543064804,0.044912719162226854,-0.26306322105940727
0.04667847948815463,0.07024402494251845,-0.26082674685623575
0.056020189523160825,0.056034929197611195,-0.16025380250185078
0.04686847711348158,0.04921417871856494,-0.36842071448971914
0.05038207762991056,0.06333044052476464,-0.23081984349016607
0.042659678439239665,0.07318200992433152,-0.3052706749084878
0.04551129498515046,0.08647594843490776,-0.2253656116824101
0.054917616158035504,0.05314820396692124,-0.18970319012547712
0.05434550347165731,0.028885830885231955,-0.36884853929508626
0.04539557250947502,0.07545046748215632,-0.25983175644552947
0.05175710277186409,0.03957068601634307,-0.33466433264933715
0.06436881320124911,0.0648330861400759,-0.009735566148851415
0.051200463218202215,0.05970361275302765,-0.23113403269047558
0.05525828878898983,0.035610790248914906,-0.2735606579611643
0.04090713754144922,0.10141133264321457,-0.23757564199766812
0.04824513455869096,0.08503585062479288,-0.19703296101825588
0.05301825997480795,0.051858700847334745,-0.2310458964343271
0.05891636026017877,0.07086961931236689,-0.0858427038108786
0.06477659213346729,0.10102467202766857,-0.002211418874703485
0.059115796105313596,0.053280263011966006,-0.1104387171167848
0.04867481160049373,0.045782771573820345,-0.3565792947502854
0.05194458029030946,0.027345161724101178,-0.4774307002245263
0.04948649125493962,0.06985816802948971,-0.22207150835263184
0.0517499221753278,0.07525116366554707,-0.17607804556434534
0.05715400334932079,0.03734123028532921,-0.21011617964183102
0.05799478896079077,0.05690310398449132,-0.12310771379217676
0.04991856552396151,0.03900313474496216,-0.3866723681225772
0.04703747224090734,0.077940867838924,-0.23046353289541
0.04854617407783993,0.03988716995958272,-0.41250923389231603
0.04746703197470965,0.037832582395741915,-0.4634356661644038
0.04515321835955713,0.032770966125028105,-0.6056208890736771
0.05255458624963776,0.02970421787610701,-0.4189779984199778
0.04369024899608774,0.05333604141012833,-0.3995375442292501
0.06073064616674772,0.036192905951870205,-0.11796106781062911
0.0550005104949984,0.050596391115904055,-0.19763246517118582
0.056246414892665644,0.07165046401048046,-0.12217066879083928
0.05035313808360919,0.050953616204199186,-0.2874548070875436
0.05004128009969272,0.03868971520095573,-0.3866329804344945
0.047194069365977254,0.048091522881880636,-0.3702509208900819
0.05069723358055088,0.03954093855792337,-0.36172045836739697
0.047357708534083325,0.07795905492651754,-0.2263020181882131
0.048446761721526885,0.03627181875361591,-0.4563663705675894
0.053320865202495356,0.07549930781782158,-0.1546919453312894
0.05211243893946197,0.03340785314728883,-0.38576441903402897
0.055094397998727486,0.06757395296892829,-0.14658905637542455
0.06731964012286487,0.12216166684463504,0.01898828153527884
0.049490415521687016,0.06737570082155253,-0.23019551988617964
0.04403323461064238,0.09534035521947441,-0.2199149073977323
0.04473491799034158,0.07551211233412203,-0.2683686283333004
0.060254863373878934,0.025445788268759848,-0.18648023696505955
0.06417462691856024,0.09727641540280717,-0.008484822122834346
0.04336720102973515,0.09266115989159837,-0.2334613444896701
0.04549312986393332,0.04564516283365822,-0.42735897793057137
0.059276270646800716,0.01216663773732226,-0.47044462708388446
0.05515898015828472,0.03551508663260901,-0.2770940683185471
0.0466055689252629,0.06448001879627777,-0.2852733516231381
0.05011853557945267,0.056369713476199346,-0.2639975175114318
0.05691899704072998,0.07565071842844523,-0.1068199103345396
0.05541376420334452,0.07307652741223193,-0.1311807790561609
0.05363225726103879,0.03819295435248145,-0.29763978544442277
0.057210197413474086,0.07776106580468774,-0.1001761293510501
0.03775677499086957,0.12790203213482484,-0.21300072058599231
0.05598873967492951,0.07457038774563592,-0.12084234234919689
0.0515384427186662,0.07373010817072036,-0.18257883536755268
0.05771530964585928,0.06033982658238316,-0.12072773103175542
0.051239118213990735,0.05414664484203135,-0.2541409874269325
0.045267548965111815,0.055164284631453266,-0.35770337940061403
0.05973157531503496,0.07417517155391411,-0.07102679474270845
0.0503371186598697,0.07234901533066981,-0.2026687063136088
0.05601702403040736,0.07086243256778466,-0.1267664070239167
0.056372291227056774,0.02138919759169969,-0.4033675754293515
0.05365834514918998,0.017856192277601813,-0.6351664831161454
0.046035330513581316,0.03759607902745405,-0.5044321103956075
0.05703581417241661,0.04543261252044896,-0.17529667315518682
0.05194568413584953,0.08748693850460922,-0.1492144551779316
0.05467245618523654,0.042346037985721334,-0.24388453574442562
0.04287760884043572,0.03837271962933982,-0.5765135068156462
0.05128082675240985,0.08248808230910246,-0.16631703469819006
0.056177036939389136,0.028042196431279913,-0.31463166882210464
0.04537346905191839,0.0664968000164125,-0.29515000636477934
0.05469172298278612,0.055625728449360944,-0.18531491280330922
0.04900705789579156,0.04178984418670692,-0.382699251826732
0.05265901009709598,0.08859541150138853,-0.13929603908110527
0.04246874173384206,0.059469160981077476,-0.3788729804566635
0.04927894369456256,0.04435454783065192,-0.3544406847627281
0.054546598394636735,0.0686628679953996,-0.15224242608193475
0.05353441963406477,0.03996606995864171,-0.28688285782915895
0.05808282198294652,0.0292941381054955,-0.2361284019397668
0.04659546779213986,0.07659135711382326,-0.24029515733098922
0.05754083202122854,0.09065409323283843,-0.08228164567939732
0.05823074648949353,0.08402938039645604,-0.0805581747546953
0.05345824637945573,0.06702521895210896,-0.1722001628788578
0.04897479198922246,0.06854854207817515,-0.23377897654631133
0.054767689547772155,0.04562152043859411,-0.22428692322958382
0.057260771522352844,0.08210858678665969,-0.09425601853014189
0.04194079224359489,0.10252220209681984,-0.22491916175023702
0.04449120471392157,0.08434819514310007,-0.24314444726747794
0.046059373481960625,0.041433888853183,-0.4571288634082518
0.054297770298997,0.04555280489414003,-0.2349411792725797
0.04509510933374846,0.060496989040272606,-0.3290228320784847
0.05621234243032304,0.02316177306998541,-0.37940349139611435
0.04613225125964989,0.03347598935710671,-0.5636203470815306
0.04751373735433636,0.07387382957058326,-0.23670442898802577
0.04841652364342738,0.048692277516144494,-0.34057713466112116
0.05058337202678247,0.041958898409660654,-0.3435892866505341
0.049420338503759445,0.07097530168946276,-0.2195082109605681
0.05387036205258457,0.06860867028817302,-0.16221911750611492
0.048415389277936885,0.045633261121235245,-0.36343251204428034
0.054736657164557355,0.06980935634588115,-0.14701958838570783
0.0500028677419461,0.030467052499385094,-0.49224099569056057
0.040742782928054846,0.12128907341869585,-0.1999950728307409
0.0605302907624558,0.06155475430806434,-0.07261355012765637
0.05349762894128484,0.07472480815648237,-0.15392975027286612
0.0465611336580192,0.05787870037611877,-0.31857775351135614
0.0491384635673175,0.040018073831375726,-0.39635931753033155
0.06206607978461715,0.09806904681927424,-0.0299168831607959
0.054625140878846186,0.015059098484676655,-0.688942909279113
0.05603991498574969,0.05275306301731248,-0.16984956894938577
0.05314587313619987,0.06530848628433941,-0.18150974763355807
0.04805290825712363,0.09909407674564004,-0.1710202294570751
0.05638680751462828,0.06679264466425881,-0.1289542063900443
0.057534469601661815,0.04500890428493811,-0.16586785474883178
0.04969429833425816,0.08413868441201787,-0.181910399154704
0.057861852404588035,0.011466697583736018,-0.6225111932433344
0.0549017020502625,0.08152489094647787,-0.12386766584413053
0.05292032982348421,0.045820483298832405,-0.26363035277769764
0.0578178752685587,0.06773347681221435,-0.10603508146131592
0.05764048719092992,0.07651597870761509,-0.0961826919471611
0.045059462091061195,0.03642584647360783,-0.5474282642515014
0.055816610440752444,0.061803431590917016,-0.14859028573094962
0.05867237268350238,0.07186575780202836,-0.08804787578986649
0.050167839943001974,0.06350009430677168,-0.23357697683633705
0.059045855797276774,0.1049532554937984,-0.05673139127232746
0.05914823875358654,0.06620524082065238,-0.08838818760988536
0.053523298909381054,0.035371677000696704,-0.32446019142357585
0.047815741976590075,0.10401030930433013,-0.165216872619131
0.05450170850507715,0.07413035321794663,-0.14161933727817802
0.04781384087108666,0.04737106851323377,-0.3627986378249448
0.057139923828529365,0.07522587886500869,-0.10448633223116455
0.051681547379711375,0.06316932032812148,-0.21083735824777539
0.05390601572565529,0.06255478578036636,-0.1773482897582987
0.05072158938251383,0.032456911288700846,-0.43991895872288017
0.06426527288695784,0.11115588593467127,-0.0066098804113169365
0.04819468182396191,0.0621248348813658,-0.2705088586252132
0.05058518733949486,0.042551861646495964,-0.3387586841736257
0.057394496865246544,0.04220376855212981,-0.1802090997006391
0.05823946722095839,0.05740983581923726,-0.11775913800429738
0.045068628954810216,0.0992711226176751,-0.20077712953798138
0.05523625855124924,0.062493786079099625,-0.1562353965303463
0.04030683438741411,0.08235610075508075,-0.29983407891081476
0.053323849447032556,0.03897820384504379,-0.29955589024536616
0.04460363951246607,0.04384476585540464,-0.4651948776462612
0.046136354265216256,0.04113303844531459,-0.4586008339710309
0.06382076345997809,0.09795281846447147,-0.012038821940071463
0.05245796012025008,0.05163727704696114,-0.24288732088532977
0.05454739353682957,0.050011987259526235,-0.20900202203381604
0.057501804499371104,0.07962253963242079,-0.0941717701450429
0.04847365692402355,0.0305302148680462,-0.5413110633975066
0.06011578111748049,0.047761993169767904,-0.10226162181211262
0.04248709474016721,0.1074899472957747,-0.20944196016661132
0.04955708770737739,0.0452830017079351,-0.3410311090290751
0.04692753108275589,0.0905608156313895,-0.1995616845016574
0.051203985836340046,0.07266331169880041,-0.18986217172218028
0.05118554412953116,0.06504748279391208,-0.21237494945402807
0.04969007135722168,0.0527843214819587,-0.2900468967477615
0.05087436991885721,0.038090599160891615,-0.370842947927316
0.05317176814755179,0.08364119679363913,-0.14141633914721485
0.05152531001976514,0.09249195901308221,-0.1456849884467144
0.05519278454820307,0.046817867983302806,-0.20947590896908408
0.054290271259465415,0.05464290613297181,-0.19599486005507824
0.05624921640300566,0.03800440014156558,-0.23025711666011986
0.04746512589024096,0.09064607092553013,-0.19344328916544806
0.05498199955469833,0.05063234632032892,-0.1978577169211579
0.04427765454661349,0.07076333811095134,-0.2928401345467268
0.04731075963405731,0.041425318220598986,-0.42701519567679785
0.05028038502585028,0.0406583246959517,-0.3620320090467313
0.04805842503393519,0.07595930783994817,-0.22303487811871525
0.0575345220342703,0.011814369046126004,-0.6318981518676762
0.052119894213612274,0.04159309606049887,-0.30966932030385724
0.05392528834952252,0.04941253167975669,-0.2241275901881095
0.054335709786780415,0.05249937956597843,-0.20313173796306058
0.044531351678008466,0.035494628497690695,-0.5766688986003401
0.04155661330984382,0.07546983870125556,-0.3106325267628558
0.051707909713396574,0.05663369988971546,-0.23470284146166548
0.059167297193675854,0.10170745755366449,-0.05734783807024776
0.047032677843911054,0.04739149816621731,-0.37912543074860683
0.056939268345666365,0.04284393152028329,-0.18814173602433062
0.05488422874642728,0.05258190498143425,-0.19238122424709456
0.05342276866006733,0.021711510819685444,-0.53323011171732
0.04369903515787529,0.09119918140561335,-0.2335653074273496
0.057922029320875396,0.08869504946156505,-0.0798011920856052
0.04654806030881446,0.035525577613324574,-0.5193987242663374
0.057923167271307155,0.046840194650271914,-0.1510846140057995
0.048290831606519334,0.10122353988629458,-0.165071962630928
0.04994712304797504,0.033386132907536795,-0.45087213286168987
0.045097159601957,0.0368547343356051,-0.5400348356008906
0.049758982028729803,0.07466716651053766,-0.20411940995670777
0.05519704921279656,0.07262335508130371,-0.13498344680204852
0.050567514355988774,0.07955772089360214,-0.1814089881145886
0.06546330092847309,0.10636783086412972,0.004355648927962939
0.047403677219567356,0.03726378856936518,-0.4722097096401708
0.05438142634012623,0.06346287043665161,-0.16731946706496978
0.06100989711660276,0.02705674321339907,-0.14747166175643994
0.05016309959943973,0.04159965823436133,-0.35665918976961664
0.06041832770921129,0.07066157723598886,-0.06483965501487857
0.0633897415967477,0.07910061873500338,-0.020357089855982745
0.06190054128745712,0.07589023177814254,-0.04084133939139679
0.04780739704228511,0.10041649068452496,-0.17121294361628614
0.05159012896879694,0.041046392304716794,-0.32670035728480057
0.05942999153446634,0.10144447088721312,-0.054906969466344276
0.051166435852589516,0.09105204486362499,-0.15193029621827803
0.04595340557635153,0.03183291361782158,-0.5983302267683496
0.04978119513591856,0.0550051758740775,-0.2766795055600152
0.04724889826701118,0.040093877293458,-0.4427384661020354
0.055450241790294785,0.02867751930179935,-0.33300503119549896
0.05126977882456126,0.0586833774063918,-0.2339712160797215
0.05353299275202753,0.019082189738848284,-0.6009272208748391
0.059956790514556865,0.04619107824207728,-0.10918146268447741
0.046079796399500404,0.0435580039783646,-0.4343680121315321
0.046235432813415994,0.03053794940597422,-0.6144671646784851
0.06023760091691641,0.08905733152260135,-0.05347565440892384
0.05427242586367699,0.019427636198671005,-0.5521811313852407
0.049801239146772695,0.06601358609339472,-0.23023686111711003
0.05330808538952149,0.05943726493268047,-0.19671017203972876
0.0505488998785618,0.06697923169424087,-0.21575494008959736
0.05434207723738128,0.03723247406040729,-0.2862534126882606
0.050856080276954284,0.0398156512905328,-0.3552351717127079
0.050376754539866744,0.053667750397423296,-0.2724773323242435
0.049044840926610885,0.03624252205860997,-0.44023313409555404
0.045307127933497233,0.07803604153930384,-0.25235611235590677
0.06269251010937284,0.08773923741709998,-0.026299406725609924
0.04900329403962609,0.05596348780995479,-0.285841833423549
0.05342689963269399,0.04843436134525467,-0.23894400681387087
0.05589355302405363,0.015401294104378266,-0.591278038990087
0.05468328790846995,0.05299706182760266,-0.194665736849524
0.05780323127543113,0.026597990286608017,-0.27057565804858624
0.04947882472651412,0.044711986932579655,-0.34713678228815836
0.051683761984926045,0.07467809928875845,-0.17831517060422153
0.057124511156497255,0.04415943197185734,-0.17834216818100765
0.04025708144890345,0.12181162360328064,-0.20312444592053014
0.03812282554613756,0.12527676149506525,-0.2145423790742001
0.05421299934857857,0.06942653491597418,-0.15537287961262605
0.055855419950519986,0.03850063872315224,-0.23751761925915663
0.05715735545521037,0.030506849482093527,-0.2570781538550218
0.05019388846314581,0.03626140694263929,-0.4083159696554379
0.0497946291106956,0.06681631915462308,-0.2275697177229544
0.0502854735463484,0.05355472721747593,-0.274756818271123
0.05219904836059796,0.047661034541545355,-0.26858316783375025
0.05828678311679827,0.035948792089455124,-0.18674387908490883
0.05025491828732248,0.054908918872657905,-0.26853709771400885
0.05130637604701327,0.031791916914053975,-0.43072658971794536
0.05156612367919006,0.02997838656684019,-0.4481187234962631
0.047658078972557555,0.0552179576500749,-0.3140630650872855
0.048164773860988865,0.038848189478991914,-0.4333593499412679
0.05698857875025108,0.02010293511315158,-0.398519977538392
0.04549065299717914,0.0327831213887978,-0.5951034000529105
0.04825576537106664,0.06576919259056285,-0.2545908497489442
0.04532649693364423,0.05809186329208272,-0.33866193906431385
0.05992851606938876,0.007243389603118584,-0.700153410004034
0.05186357905078214,0.036703871621535294,-0.3579028687946455
0.06200574193590924,0.08619659977880641,-0.03473754268468225
0.05076342717091028,0.09691996560123145,-0.14688999052749185
0.061416335420373606,0.09773339837929308,-0.03666775778857673
0.04875721354386495,0.06587280997969958,-0.24657801088401562
0.05383982125294468,0.0730155918845919,-0.15284651481967093
0.0497074280652538,0.06267739510020469,-0.24398863274865518
0.05697675310265343,0.05897433659570953,-0.1360464120579912
0.05143213291219216,0.05080427590642768,-0.26706151885320456
0.056047547941595416,0.07147680813360222,-0.12524974592697177
0.04847015803201939,0.04946984221394769,-0.33413977543110357
0.0507093118002544,0.04372308623791605,-0.3268453677305359
0.05718837864102097,0.06717140156367604,-0.11629385686665923
0.056553755499913,0.061622600836173796,-0.13706407041373816
0.04780201308019679,0.07527415438171786,-0.2284713400112291
0.04511366415961469,0.09487054583784493,-0.20961548881963354
0.04193285183988645,0.10581466298213069,-0.21799576268564014
0.04345277987697398,0.03692539268587095,-0.5835339465806357
0.06189706349080706,0.09076616249317869,-0.03418604933778201
0.04314809816942461,0.07543620077996131,-0.28967394440124133
0.05647912965571234,0.03940663974301414,-0.21622930551438882
0.04443668488385487,0.043021978648192724,-0.4779723239672279
0.05153757735322414,0.04955907612966954,-0.27164393887311217
0.04785079365704188,0.05036660723125875,-0.34048762236887187
0.05315361261574843,0.03483029849093196,-0.3401173087085594
0.06139483485103375,0.09825499073762094,-0.03669192905013287
0.037244014434791646,0.12118562073439679,-0.2290369550199467
0.0501743196336733,0.05043255790330438,-0.2939704227327187
0.054734534059917316,0.03243190785207373,-0.31652365278369843
0.055859786714534294,0.024132757840547643,-0.37874715131431863
0.04723364373694448,0.07829135235325295,-0.22692616398926388
0.049095351917357526,0.058707089127828835,-0.27091529011107485
0.05742501969230796,0.063656840439199,-0.11899711414246492
0.047440880322093704,0.07494700346795174,-0.23428714778990187
0.04548511583930076,0.09102402668394968,-0.21439267050290045
0.06314444687410403,0.05089052591531166,-0.03646166142955268
0.05551796160067602,0.053014445527655774,-0.17885763596975726
0.048864215384728404,0.06656099119793502,-0.24242103858231295
0.05820825245701536,0.06394360949864276,-0.1062146412477513
0.05092370154911645,0.04177975758307646,-0.3369167095547097
0.05047803280840741,0.03279509129146746,-0.4428091711204012
0.053853565598795665,0.08962782333259808,-0.12436355125842183
0.053938567948665785,0.03439017786671427,-0.32164509570741157
0.053424982667502896,0.04721676975822927,-0.24514631966071188
0.04552885654359019,0.0800864247480269,-0.24312664122129543
0.0468204133741517,0.06728917200482351,-0.2701710555235414
0.05494629724889207,0.038528756830183614,-0.26094023213413964
0.056835230400397715,0.013189065175097308,-0.6190559748706411
0.05220596704296886,0.07173385076097798,-0.17835419151917167
0.04734480804774514,0.09120303351167955,-0.19358119212113617
0.05763962169731146,0.010135658934000638,-0.7261864621349619
0.05030990984077747,0.07835826490738908,-0.18747339768924973
0.05773993029488429,0.046357244682125945,-0.1566113291438779
0.0589971339519228,0.09120546675106536,-0.0658169544207402
0.05333962376634999,0.04610901238231712,-0.2528871392205699
0.05327428389456614,0.05291411872991076,-0.22159900583973377
0.04277003385223894,0.09776896647837445,-0.22737241630428934
0.054285173256649444,0.06118675845492355,-0.175116757512889
0.05666738290212247,0.07148132127586618,-0.11657055226664964
0.04813057938184255,0.0408560540775749,-0.4128989203442618
0.05395560322784379,0.03187723752839735,-0.3464665582241083
0.042957156082734656,0.09684064229729969,-0.2276197616450546
0.05205518755888446,0.0717914134412962,-0.1803114303035767
0.04373807328720934,0.07453084418127982,-0.2852768802816149
0.05331398272404929,0.07773268675103101,-0.1503359495778102
0.05375339577334286,0.05235098295793389,-0.21483081293228518
0.052102594053768186,0.053406760577799584,-0.24149388217328202
0.06317283216854597,0.08988314733273166,-0.020328258251685157
0.044623557873713984,0.08000868331071512,-0.25467788348864273
0.04490035943579531,0.036636628854911236,-0.5486214532402395
0.04304145321053475,0.07389833295498661,-0.29714536054339374
0.048854154527314904,0.04731244822240598,-0.3412599871557446
0.04993382198998008,0.060045861225422395,-0.2509111819290746
0.05815243894413092,0.0829420965408561,-0.08255833094954466
0.042940436251107585,0.1025050701405187,-0.21520461103682137
0.05433322678891364,0.026230695346090783,-0.406652323560155
0.055761955069137226,0.046378129718689425,-0.19918968244077415
0.04370295339336395,0.03609836313171758,-0.5899726402808427
0.04370003862753142,0.04462908511701493,-0.477266368257859
0.05300826996264971,0.053159159417411755,-0.2255816338853267
0.04999779982101171,0.051822478134962366,-0.2894921416130997
0.053894727186726735,0.05075761099538804,-0.21879029756310478
0.055254149412323796,0.06281785279481131,-0.15514459909207856
0.05677929596231223,0.07532689844600543,-0.10913371195789244
0.05246316123687545,0.05154403809676854,-0.2432257779180581
0.04948707692684394,0.055591483560672256,-0.27905215114875176
0.046936693538425826,0.079652803226345,-0.22677552741294826
0.053668166378031824,0.06379635603487308,-0.17762509218824105
0.04785519599849178,0.07994424266048054,-0.21445952117304312
0.0438532408141663,0.04428980789991137,-0.47746333047147904
0.06569019536238926,0.0956628049777854,0.007214876905914871
0.04274009830117202,0.0733102487309823,-0.30363969682482506
0.05342618881454444,0.07558951255778332,-0.15311398094554626
0.051835482941534235,0.026184948335514883,-0.502751309255425
0.05607651163705764,0.042583027714161996,-0.20955504673930564
0.05022491814046739,0.03952797683204127,-0.3737879609248297
0.04381002287630817,0.042664942163358074,-0.49666016286998316
0.049367799196542286,0.036742526721912416,-0.42545252594550126
0.06488425687998975,0.11632978389669933,-0.0009949568900861445
0.046828284148316524,0.057091864317764904,-0.3182890604262349
0.04984171829537518,0.05456349841578442,-0.27780993053480146
0.049758506152213895,0.06307278000614498,-0.24164931126075584
0.0647007537945121,0.11533445691625974,-0.0025945950021265506
0.05177969934059644,0.057167656663268375,-0.2312548988543365
0.04512726464746864,0.09556488711658731,-0.2079501786915419
0.05174241379600576,0.04666835802693865,-0.28408083687755814
0.04370901671310349,0.05176723331755102,-0.4112830051452272
0.05027097570438516,0.059682486771757234,-0.24678972161369236
0.05503376563670488,0.07156849681934774,-0.13925448774551963
0.044811844727717896,0.0635905334214159,-0.3174710792012821
0.05436323630043327,0.05955390366166037,-0.17860732958827802
0.06239474366153192,0.09646857701307339,-0.027006268975181595
0.05444366998403977,0.04060389726195399,-0.2599831722520772
0.042494269423400545,0.06530188521930345,-0.34464136067463313
0.03939583358701238,0.12390419396903235,-0.20664487288773234
0.047989355035390334,0.04141217361719436,-0.41076435933676364
0.061665149490861326,0.0858034560763512,-0.03886615599925483
0.051589326015718515,0.058034870777999514,-0.23107958722922411
0.06324654411541739,0.10738838411793447,-0.016328170863032655
0.05475972674291658,0.02936733096426728,-0.3486960823761371
0.05574117429835315,0.06430938668333958,-0.1439731612935053
0.03949644166329984,0.11907953335534772,-0.21417247463167716
0.050594414842895,0.02892122281434597,-0.4980973747057234
0.05485043596102011,0.08645752740586453,-0.1173936422138697
0.05026156518401455,0.027352343083320258,-0.5388362807196984
0.047608469311738046,0.08643145497274772,-0.20121760872526784
0.049692495857289055,0.07721116262159959,-0.19825506601591722
0.041274226374187165,0.07027698515988544,-0.3376037485363795
0.04721733052261969,0.08625033639294874,-0.20617507387291886
0.05139390025902216,0.031199017909476587,-0.436106667859088
0.05230729374359881,0.020440857878294524,-0.6209478257700308
0.04837772295601685,0.0658420197204919,-0.2524569737463541
0.046170806327256134,0.053932444041309265,-0.34912554043205885
0.057773239590324967,0.06177774525891455,-0.11697999626543851
0.05614141867129219,0.07662740097671178,-0.11560592184772223
0.04891125436205203,0.04880253563479521,-0.3296702810350909
0.059136846891385764,0.013336584917046729,-0.43962927129268287
0.05953405197500913,0.0927731906213042,-0.058917322864345784
0.0439343918824855,0.10256789405006393,-0.20538208678860337
0.04415146569021929,0.036025363004702333,-0.578718229905397
0.055352558129061646,0.03947219248175747,-0.24441109713875236
0.05478574553905958,0.05807152751686443,-0.17589092103654624
0.05471563594170051,0.04432441957925113,-0.23202478804964988
0.048894918876780005,0.04027322073737116,-0.39989553426193786
0.05049112044983095,0.08133370118412894,-0.17838705652067685
0.05574443914219652,0.05899093957694655,-0.15689800712074983
0.06255796667194315,0.10384644541726316,-0.023515810466545814
0.06027866959028446,0.03361985591055286,-0.1404327972813701
0.04450636556737189,0.08375372541741191,-0.24468922821632008
0.04102015897490967,0.11692056310071769,-0.20509515511342197
0.05643628796478027,0.06063082414095799,-0.14124353670849543
0.054463663142494054,0.05377589266747482,-0.19593048734044768
0.049692079643910626,0.03260180172039334,-0.4695421586627785
0.04774189513857549,0.08081959565285475,-0.2135386192174659
0.04973535467448013,0.03564901493360291,-0.4281926261903904
0.048988849745258016,0.06485031962171157,-0.24689392971598448
0.06112312890051223,0.07124262956182383,-0.05441785519895008
0.047012498450927566,0.08422643304788936,-0.21356124079058558
0.06427503575931548,0.08991088857118218,-0.008063141764087567
0.04429571060122908,0.04730738434997783,-0.43765449481631763
0.06277042804512768,0.08573457816196157,-0.026005516125132445
0.053090429710187084,0.0487416594190045,-0.24434068170377773
0.05923586848015354,0.06804535492382806,-0.08471013967520633
0.04392346031523397,0.07215770419658345,-0.2920899427086259
0.05591872577398517,0.06623585923914847,-0.13710510183353034
0.05004849634471376,0.046459212817201154,-0.32181999540359335
0.05539225101633156,0.07210353024439264,-0.13324935618413247
0.04924628644316036,0.0818234766851681,-0.19253292814060136
0.04574958352021645,0.09230816117155873,-0.20854511925555333
0.047414555969433704,0.09854936512077832,-0.17844299665466393
0.04958814608183382,0.07083309219058434,-0.21757985486076017
0.05112953703471925,0.04046723919270067,-0.3427578268740076
0.05617525224774538,0.017683382523036476,-0.4990418400302349
0.054225801227015716,0.06578604830221471,-0.16377634849700448
0.04733020459023993,0.09242153760179077,-0.19118698810111232
0.04436469217611337,0.07393137308012658,-0.27911435922503636
0.051475808382372285,0.029131049063449856,-0.4642535045054814
0.05666412713574619,0.06270173162700025,-0.13294485890504928
0.057005130637501115,0.07915629849509613,-0.10100105126813355
0.04235115878166048,0.08641319075195793,-0.26209935105105875
0.06085373868397722,0.10233348959395787,-0.04051714968847884
0.05190375563149496,0.03343231602023598,-0.39172411389561274
0.05591057743639897,0.07611882023772112,-0.11941097530432714
0.05211039983968811,0.06959886312474822,-0.1851984297101048
0.061136130928865655,0.06291381548490035,-0.061415271691186754
0.05262797748074139,0.048670410925712296,-0.25420008345815187
0.05488668915652922,0.013949041124150054,-0.7250183545563965
0.041715533661169,0.07176569662588651,-0.3244511992994727
0.04594287325487046,0.04066961268348876,-0.4685839251394308
0.04727879323663852,0.07564963789523926,-0.23425368919679523
0.05320145943910466,0.06769074716858685,-0.174300640108323
0.05379231511249373,0.04622124086719153,-0.24247910002480355
0.0603747312107911,0.05703704068664101,-0.08109236968691844
0.04466242245932834,0.050674047947599964,-0.4013410880792857
0.046286733539747035,0.037328201292394385,-0.5013171225066715
0.046491631059067326,0.0328340034172159,-0.5636951639966071
0.05313258379086455,0.03362080078575641,-0.3529783922982325
0.05611821421441243,0.03532589815034057,-0.2514242029399596
0.053015990087104566,0.06764385602432882,-0.17716331707324998
0.06528994760286158,0.0942009510830006,0.003077968953902658
0.056690764099000916,0.06239788538581663,-0.13316534446033998
0.05502430104142798,0.05269283463844449,-0.1893179409880104
0.05276824383818393,0.04405433300803937,-0.27765160261497834
0.04369733831761786,0.07784540568384136,-0.27365342238564516
0.05978409506416288,0.09154375210555747,-0.05697718102949021
0.050798874757788506,0.04211032501924991,-0.3372361822360604
0.05668943574116418,0.042121792371197606,-0.1972984479292597
0.05031092407722741,0.029902646492065692,-0.4912299627616626
0.060348286217410015,0.10642797692894258,-0.043707621969510314
0.06428547498090052,0.09578297583149017,-0.007459833158206889
0.051457228137699866,0.07547503908408397,-0.17943378402510837
0.045062196927774065,0.08735370926916408,-0.22824220332523412
0.049298282006325744,0.06699214285678326,-0.23438148600861464
0.04375580876149968,0.08726405808922681,-0.2434472072886904
0.05451024970815096,0.030363311053542102,-0.3454745193418337
0.055469460786337146,0.08026794179810023,-0.1187340674267597
0.056951332516425035,0.08580104056318809,-0.09380617566808569
0.04736453774009132,0.03187387297862346,-0.5532889671655555
0.052341878838906813,0.02667985613900752,-0.47444488062985735
0.05618577397963684,0.06195465332083495,-0.14226899107510618
0.06373399954620765,0.06305004993154678,-0.020079293436989287
0.049477149897605176,0.05257896828973615,-0.2952292638542513
0.049564694530970385,0.062015403477278165,-0.24889470363092875
0.0447175466090586,0.05821631330441614,-0.3483981076727308
0.05204307732393822,0.07010837225000068,-0.1848127728576905
0.05915494936966299,0.043221878226663506,-0.13523361015651575
0.05691188698847346,0.02259952176725935,-0.3578886798942822
0.05042980340119097,0.028486706709791774,-0.5114735356123422
0.05537705241097474,0.07633614757629761,-0.12606016801420544
0.04435033231209341,0.08501592147255281,-0.2428917705088133
0.05986133535502156,0.08241327327558885,-0.062352391074127295
0.05729840957252553,0.04355944124098115,-0.17680645591543406
0.046579174197429886,0.06761345963078945,-0.2724431777808592
0.051096879981455234,0.06624411848010041,-0.20987704776721025
0.057594471268197986,0.08214488765642049,-0.09015203432715628
0.051575960804060406,0.031986940210522355,-0.4196725009516119
0.055482556719576505,0.07059566725857594,-0.13481625218674198
0.055986368623356486,0.07583502869363778,-0.11885841585235292
0.06006209299255904,0.07158023410385302,-0.0689842254535902
0.05327193934923935,0.02211108755804666,-0.5304153683065933
0.04978625054984799,0.05578418264082153,-0.2727251477019752
0.04807987006392595,0.047223998352798044,-0.3582951576795387
0.050325359646266755,0.05105700247169075,-0.2874168016790606
0.05284303642562981,0.0708945935674972,-0.17147941701359512
0.051603768087456175,0.0364655314351045,-0.3673669732850127
0.04127278370738843,0.09869081372941813,-0.2404197046917131
0.04647460460696139,0.08533349322129949,-0.21709407049581117
0.0632344404199645,0.09476934755596841,-0.018630070012804617
0.053623959709480855,0.04392224160512369,-0.2590040916580198
0.05796719368450401,0.08765777505007524,-0.08023026264901707
0.041978893202530926,0.0499825318048033,-0.4605830470407815
0.05326205872082704,0.029621878193589034,-0.39625918392012593
0.05944971597131774,0.0072340908579700694,-0.7672400219534573
0.05955092115249774,0.07024563170175428,-0.07757178226594517
0.05830832232246096,0.05705745081927491,-0.11727964676750831
0.048424791937894195,0.04321350238319322,-0.38356548643352517
0.04421498081051944,0.034757756072346734,-0.5979965779786666
0.06123825522781153,0.01837850974063568,-0.2046817084342312
0.04385892424928379,0.09463089856782574,-0.22340563252248485
0.057966047029834315,0.04758391087542335,-0.14782208609504308
0.060058568017692056,0.0989048474151074,-0.0499614741992227
0.04131603411011511,0.08654874312644951,-0.27364887154146333
0.05108508380731847,0.048273337942477776,-0.28825262113140926
0.04233100748244007,0.07869331556765173,-0.2880675741521103
0.044746266925279506,0.10254397202581939,-0.19751266383187147
0.04705604202771063,0.05243028005897948,-0.3422441755432927
0.054649079075222456,0.0667695549052026,-0.1550245608117872
0.05511033575346765,0.0343712948306355,-0.287730337051998
0.054835112716960885,0.03649937153104771,-0.27849485776467386
0.04771439641302354,0.09062964712838457,-0.190727914481339
0.053808674264979345,0.016115755481456575,-0.6944338258232969
0.047187270478291105,0.07626067513830506,-0.23357686631286748
0.04565772087463222,0.06957491948230629,-0.27800648954091495
0.055933519330681546,0.06523883727564239,-0.13897367040757366
0.05210316272032006,0.050628208389193394,-0.2547361972704682
0.05938127575082731,0.05426526424191618,-0.10354182049357123
0.039306020478252185,0.11191323139706484,-0.22958839809196765
0.05439776643033316,0.023107008076648526,-0.45883194979194414
0.05834399628195444,0.0510498322432339,-0.13038247973729125
0.04986665759832224,0.034569826585257084,-0.43776159433011574
0.054922494562850456,0.04192791967931261,-0.24035309918135112
0.05540730646865241,0.045942049867507634,-0.20879985893124006
0.04352136708980697,0.08433366528804401,-0.254686344259225
0.04130560741586447,0.10589165377922294,-0.223760718984867
0.05170335993532076,0.08505205368012772,-0.15633532042255646
0.060478066311951094,0.05010149646752139,-0.09025546155054032
0.05807267835048866,0.05297460546748963,-0.13076683796659172
0.049416815111234434,0.03669285589166916,-0.42469261413646503
0.049059911298922454,0.06790619528342294,-0.23473688423490272
0.04539068604172124,0.07158154617717721,-0.2739437048445724
0.04778066564637728,0.03332455507406594,-0.5167161066472353
0.04582303268935303,0.08276598481700168,-0.23170107083299832
0.045869246300617006,0.0565978125423747,-0.3380122453506455
0.05736575054996174,0.01900497529983649,-0.401697414997637
0.04808063918341017,0.03899754979978527,-0.43385702187584596
0.050057075286868036,0.03640329761433102,-0.41048272251163676
0.05889370203705953,0.08722334931518187,-0.07000760703278368
0.04313946354571685,0.07272102439664326,-0.3006082028637129
0.05235584515059882,0.04979737502352137,-0.25391207555476203
0.05233823527901975,0.07123439829693716,-0.1777479002237135
0.04761595327911967,0.050937109947754446,-0.341284512189854
0.060793876156781494,0.10789364501381395,-0.0389839813334695
0.05740897094884384,0.08685105566248368,-0.08740284148826064
0.05801131215019829,0.07207366867327465,-0.09696589584585921
0.05358523857374874,0.033348497938057525,-0.34228712331971806
0.04728705439252888,0.03568321810004579,-0.49639428702335553
0.05438176816752613,0.05945327479123653,-0.178597930387495
0.04328615147461336,0.06520856729249917,-0.3329907315397244
0.054523735227789964,0.05313662398420182,-0.19715713921390193
0.06336121854447997,0.10482682476909055,-0.015633226124418916
0.05928482074528755,0.090276638356496,-0.0633073999958175
0.06112539439599192,0.04857057265904137,-0.07977269757981387
0.04916331132250368,0.08982009303204146,-0.17631565658529116
0.05546498702584527,0.032826394231391984,-0.29046787493450527
0.053802531212726934,0.05245881227591527,-0.21345257929932235
0.05794472750961719,0.016742925602421577,-0.42138827215253155
0.05150988856056736,0.05408619768034508,-0.24941874300649808
0.04581732506743123,0.05170366822286606,-0.3710118757896019
0.04593398526665732,0.06398318342513315,-0.2979847783855873
0.05042149682612103,0.04573962587935189,-0.31872808081843335
0.052655348640779545,0.09832651680415999,-0.12554753041651712
0.053743259468425356,0.04719556624016794,-0.238512670327792
0.055107302582060015,0.034448830395271614,-0.2871707777718294
0.05095432134633044,0.07386312245063034,-0.19015820327738794
0.04738367239680732,0.05555415765935856,-0.31710187581658106
0.04883058568620197,0.028909899451348097,-0.5593037202017676
0.04364466218034437,0.04735989425005208,-0.45091607905421255
0.05626529194014158,0.03537370754370635,-0.2469265640042443
0.05746130796430471,0.07227374970114474,-0.10430747078805418
0.04896731547522274,0.09117488824975103,-0.17584539814142344
0.05000861787886205,0.060866288523179435,-0.24630025067864703
0.046989463076465586,0.03449900930806778,-0.5220595398176421
0.05088409912133576,0.052432490440187135,-0.2692204921062655
0.05117746204899606,0.03408333446084189,-0.4055512223102632
0.048402309093015086,0.061151884713022076,-0.27141748753739553
0.054474815124537924,0.05820376702895605,-0.18083339640586935
0.059729840779293636,0.08815621573039582,-0.059782049139040366
0.05299071905192013,0.08323684866412318,-0.14427841924361712
0.04138881937674717,0.09597192274613764,-0.24602175248388528
0.05162989273377527,0.0419724808121571,-0.31854460369071513
0.05989350672016484,0.011511348893689353,-0.443605117610031
0.049973462446438896,0.040900920306084554,-0.36738873944911477
0.045180624194106365,0.051343734180574065,-0.38601352476992823
0.049459577084530526,0.06467262390551384,-0.24029368188576827
0.04582665790019248,0.08305184847280123,-0.23085990802584755
0.04483783001368828,0.09130684064554395,-0.2208177376827866
0.048611458732138485,0.02750637770241037,-0.5958087773376789
0.046415210055496564,0.06394362693153632,-0.29064335003083186
0.04284834327839887,0.09671607818983408,-0.22903799591751348
0.061155692972393205,0.0740524691694053,-0.05191328622429066
0.059058367932945784,0.09003466208059197,-0.06599271802381772
0.04591672028351379,0.06046591118662963,-0.31560393851645047
0.05842032779987856,0.078317366582033,-0.08401293975110372
0.05949409525973291,0.04860849956502458,-0.1132704113382831
0.05698405895780842,0.0766607154312541,-0.10456386947471054
0.0570636085296011,0.07661418989499895,-0.10358905421144388
0.047471060193384824,0.06205814984490931,-0.2824599162305367
0.04998234605429066,0.051301231455005175,-0.292734765224513
0.04537638060373855,0.07761034523251624,-0.2528479848591085
0.044813065537830196,0.03530738709322937,-0.5717481842784368
0.047523018698970416,0.06779030364472391,-0.2578094559455453
0.040757713568873526,0.11204199413436743,-0.21636785937649133
0.0569673435062234,0.02724645145982876,-0.29481477636159986
0.04576712940467897,0.04888769903880904,-0.39340920054456235
0.051990677128452324,0.0620520451846446,-0.20965179846750587
0.04463696240200265,0.0750354712050656,-0.2713788195231945
0.043831762063080974,0.04687685611958189,-0.4515711950246683
0.05486577151352597,0.06038526752427544,-0.16782617519082738
0.05395492515178369,0.03389115593934014,-0.3258984399347507
0.05650969672729627,0.0663833412959572,-0.12789810074264518
0.04239827149658986,0.0851861972526699,-0.26532148672362244
0.054188619417849096,0.05010079276882022,-0.21579260496012095
0.058435914039945365,0.04778202476239274,-0.1373756343038221
0.05306683352771138,0.046212294244917455,-0.25822493055732804
0.044244677466592136,0.0412105412189686,-0.503641105394037
0.04737859407404006,0.030173000001666676,-0.58401239270164
0.05386262450891236,0.015120964390789339,-0.7365519290470501
0.051937661794152656,0.03681319982398009,-0.35482756914107066
0.06212687968764981,0.07182612380114649,-0.04000104920466742
0.050251910415612284,0.03813022586617564,-0.3867821196797676
0.041503423297969605,0.06741790353190691,-0.3485213195766338
0.05270706816796796,0.04845676221910129,-0.25368867561659453
0.052860670946935404,0.04004234526727939,-0.30316228912256676
0.046459583624744824,0.09452963910985493,-0.1961333667391765
0.05244500902809554,0.06477072258304674,-0.19383743875648282
0.04512302894336565,0.09695119474900368,-0.20502038276159165
0.05138813493840026,0.03225464809264166,-0.42201251188677674
0.05828129412650514,0.10223357968755444,-0.0657191687313359
0.05696165161157912,0.025886107934648295,-0.31052750026054055
0.05568586479199809,0.022027846719358004,-0.4228345751024626
0.062280565459719626,0.07357943496242714,-0.03695916585482122
0.04758670391304382,0.07835388620770192,-0.2222390864034069
0.05118826871711687,0.039312077243450594,-0.3513355755115732
0.04751395226852831,0.04866819866187366,-0.359291040396984
0.050603208504883784,0.047755337745192694,-0.3014697869363404
0.06351600118426746,0.058569635163906696,-0.025337340954567626
0.05110975011742906,0.08133020195422473,-0.17078833629835105
0.054055369781559726,0.047140618423865216,-0.23216984809218144
0.04243733449658781,0.1060606787631516,-0.21273355749304407
0.05488084112582636,0.09048684919041423,-0.11183016056708511
0.05557891247591805,0.07897265985478087,-0.11929555799951465
0.06685053559158301,0.12504860980578836,0.014798529903347603
0.05710223930104515,0.022081642892281914,-0.3576618251405249
0.05606760389243349,0.04409597299725554,-0.20256716204272102
0.056711950069654404,0.07858761111633353,-0.10546255080939879
0.04939452110283965,0.06395130018206176,-0.2440212920258604
0.05922133246023031,0.062028328117763536,-0.09316174907694817
0.04821961559432945,0.072509438719059,-0.23142344916896807
0.05225306476919448,0.024752407390589884,-0.5149775950945087
0.05793778747858145,0.08832712947846327,-0.07995519115268572
0.06262860556735776,0.10363034550722566,-0.022883204924535296
0.054643703587215445,0.09762445815916065,-0.10608301042655024
0.043878276526386144,0.09508233363793851,-0.2221414080353003
0.06304063053577823,0.06752830480563385,-0.02901552867144246
0.05572970173019051,0.05960520906632384,-0.15552832403446912
0.0544463315997577,0.03765009851919555,-0.28030918418079603
0.04571103957457464,0.04800474798852247,-0.4018135962308809
0.042837904929984245,0.06696227595805314,-0.3309638860527777
0.05805289333393537,0.046095135315357014,-0.15071236082802308
0.043960755007035494,0.0993305029128451,-0.21181051515892182
0.05513223901556904,0.060970619280521235,-0.16184452611560557
0.04701994983978259,0.09251122679318237,-0.19435533160114202
0.045778004268703314,0.060715568177171685,-0.3165908894273335
0.05997201027896398,0.03424123908195849,-0.14684018031594068
0.05194944166031619,0.05367288911092528,-0.24314991340809586
0.055712046460143425,0.04606095977320823,-0.20164481125855738
0.04936516313065212,0.06378698222840724,-0.24511015136854963
0.061532662315931255,0.06563931111221802,-0.05282410228439069
0.04031729729363722,0.08778118673454594,-0.2811844271484314
0.049285406630231635,0.04360178687164459,-0.3604116825768897
0.05439753020400692,0.05580039799831541,-0.19000706404124867
0.05240823878569306,0.08383611104901596,-0.15019495843437908
0.05836952380008624,0.08861186882786921,-0.07482605081711603
0.054513612106061496,0.09314847403297513,-0.11257713025149785
0.059971769871726525,0.07906984804401268,-0.06359225738583196
0.06278659118758743,0.07414834301849586,-0.029851089347478016
0.05281628843557075,0.05449332069469918,-0.22358174192923463
0.04803807728466904,0.0841159682696701,-0.20164925951933632
0.053670230102028815,0.06524782174477597,-0.1736421170087306
0.055076508103195275,0.06581349682226002,-0.1507820185212878
0.05010193404276922,0.053261833613009325,-0.2797137264457958
0.047398617611432256,0.04028002383736168,-0.436975471008575
0.05240006073905177,0.056792840486000404,-0.2218578812597717
0.06298946663508707,0.0864845027698896,-0.023247325249268987
0.056439374387647706,0.06864579288193987,-0.12470721442572957
0.06051918106977552,0.039662618819206394,-0.11297335031378902
0.051415631833211774,0.024164661574459616,-0.5621584281215828
0.06428550360395512,0.08257043692838065,-0.008653174460789411
0.0550971505084594,0.02872094380739264,-0.3447954063748997
0.045597809805058016,0.09964054749160098,-0.19472183446781502
0.045380245634434074,0.048105251514469725,-0.40785057239882516
0.05927855022481959,0.01045590800808143,-0.5471977919811717
0.05117779860726555,0.04110797870279425,-0.3362413290292698
0.05725789247988091,0.07515535352393586,-0.10301471760961574
0.05786943942231757,0.010729604743369259,-0.6645688026941546
0.0384286030335167,0.11152217745720644,-0.23826110261054884
0.06086412442933494,0.0819565648466729,-0.05046423771424042
0.04074877952158853,0.11203158431999516,-0.2164677097589092
0.05253198316074296,0.03576094821490978,-0.34864894421504083
0.05121280781435849,0.05155562084480149,-0.2674236476977993
0.05149461727330103,0.02124861116770065,-0.635588962502551
0.04492477364932091,0.10947002566044951,-0.18338560011804292
0.051290891082228576,0.022979671429909025,-0.5965754975908156
0.04109155611689349,0.07399361472590389,-0.3231149602796277
0.05530573780286424,0.09379967768837576,-0.10335069838237979
0.051863457153965765,0.07060083853802286,-0.18606780199868883
0.05352600128268674,0.06202624001593722,-0.18498620445742153
0.05557754146663031,0.0568998595432992,-0.16559721955375764
0.04458526831406351,0.03936958610558296,-0.5185406732798113
0.06460114664364203,0.0933813395164211,-0.004271231901613889
0.04962113413341382,0.05701877654185874,-0.2697158164257737
0.05237875526025619,0.04995341923696792,-0.25266027696465443
0.04726993081413768,0.08778877422653858,-0.20196282887046524
0.03919064849949439,0.11192407305710647,-0.23059696449160702
0.047533226738419476,0.03233030140030767,-0.5402601431180689
0.04774407936692319,0.06247948360368339,-0.27618539139237563
0.052289179089980424,0.05787476225799998,-0.21962631748457112
0.05079422023748036,0.03471265694704944,-0.40923919434312056
0.04598901858559123,0.05492769034574514,-0.3461092446222149
0.049105830334685,0.08081363443303993,-0.19667683277485185
0.04813103914981141,0.0646728839158932,-0.26083514185213397
0.05064061057456476,0.04224491677761803,-0.3399081006840344
0.05580032575880919,0.08360910983235854,-0.11003196014927959
0.05062430745277428,0.03972724741699239,-0.36185976834319666
0.04959556270679137,0.04109508861596222,-0.37484862089396287
0.0403824457580863,0.0819598756959361,-0.30036104902406946
0.04625665834240519,0.04602225482747765,-0.4072669131023124
0.06314561621216623,0.06657280900471284,-0.02785497285689861
0.06006922526319444,0.06580642696376758,-0.07492846769389865
0.053299913112247216,0.020902688189359777,-0.5597407750505772
0.06422138741921374,0.10933016194330539,-0.007121663106929487
0.05649348190404836,0.05107455895303433,-0.1665509848802379
0.05878964840757966,0.028319778672916962,-0.21929378983316303
0.037887681249068536,0.11445374693265462,-0.2368845011853089
0.04146852783624551,0.05088109517694491,-0.46247967112187877
0.05404542216092632,0.07461083648972959,-0.14682287928217527
0.043655925631243514,0.03977275732746429,-0.5366506071737138
0.05958615826137762,0.0772273090131766,-0.07010268527806227
0.05123497811577577,0.0370332991154545,-0.3716931035852515
0.05786809375758234,0.08737508932680232,-0.0816240223313849
0.04933092927405358,0.03471359442886046,-0.4513813963592127
0.05204359637535145,0.0541157464467764,-0.23942021454682066
0.06106724842779706,0.09713011123786719,-0.04048951990358391
0.04431024715318597,0.09375734338391459,-0.22067341181046793
0.05735009790919157,0.02038186593487653,-0.3753288396288714
0.045620324096914085,0.06416189725036593,-0.30204337361572314
0.04634472501106606,0.04908785853069756,-0.3800384768723958
0.04668944782105119,0.08579937995740142,-0.21341124129381625
0.043577344630068085,0.08638334655965825,-0.24799520073162432
0.043898682675120745,0.07375518164220671,-0.2860994557269715
0.05007753066536547,0.07784719263116721,-0.1916892418373493
0.04616564496472343,0.030700218901870423,-0.6134925322675494
0.0442552116548822,0.06640662749134559,-0.3123903310376868
0.05783336339567669,0.039151223270287354,-0.183050132427464
0.060864127559983786,0.106288204881944,-0.038911866510587846
0.044498270128334884,0.04180678788870336,-0.4903923718378973
0.061568474359179656,0.039327921742494755,-0.08725418198522554
0.04805431396214611,0.04294900018561001,-0.394553679122233
0.045764168629747935,0.04943812493144832,-0.38908901575302
0.04727941204468208,0.052896851026708484,-0.3350027007537842
0.04709078284688447,0.04496177709263274,-0.39832093638598787
0.05516247737599993,0.06158938792160504,-0.15972755950297657
0.05322981858526336,0.054949692828224185,-0.21419922130467392
0.05421295673751378,0.023869019464312535,-0.45192653508931674
0.04485340395495686,0.07166797634986827,-0.28111015646223386
0.06014624046931024,0.09775861381341987,-0.049650453718109694
0.054697690388957894,0.048493786188758305,-0.21244597340659618
0.05406877021818999,0.07367588047358144,-0.14836917742339997
0.04512493028073189,0.05899393978945962,-0.3369001933113674
0.059597126996937505,0.07773055478918037,-0.0695077118350189
0.05312324005888816,0.05820720120158179,-0.20404279360521957
0.05108443921123304,0.0702379680331665,-0.19812020732427807
0.0589334478895489,0.09284966470681713,-0.06533736152528818
0.06009900778308076,0.07149111980693987,-0.06855385997805401
0.05067247431368228,0.06306278313579394,-0.22719463007945703
0.04529993295960998,0.06018722981019031,-0.32731307126972303
0.06043424513364333,0.07198863529607845,-0.06342327295938321
0.04968243019266295,0.04858163563447413,-0.31529547342921316
0.04968305706856202,0.04707373886574042,-0.3253819072057059
0.05264898809709124,0.058101338318826516,-0.2125770638041685
0.05501677435437216,0.05252562310643716,-0.19006391652694873
0.0479626253867456,0.03844303187557034,-0.4431849878126095
0.04529525634331727,0.08988247985945129,-0.2192278593947889
0.0592783236524272,0.08489587664233021,-0.06739639866937772
0.049555018934604865,0.027004561511163063,-0.5719397094824346
0.06370042202518444,0.09057422687921181,-0.014348209414457956
0.03933881954738481,0.10231029023010327,-0.25081719927586305
0.057483813316255725,0.08839429065962184,-0.08503022794409551
0.05769997736066583,0.060811369684300315,-0.12004371349028865
0.06429648081301251,0.11135762705207874,-0.0063176560565400604
0.06307224956131921,0.06424061989923055,-0.030008278900557152
0.04680345546664306,0.08618763014167302,-0.21112710145813185
0.062189306738009466,0.11133376786776006,-0.025245649328324356
0.049471232281238654,0.08086867969472514,-0.19202449919278514
0.048569005992702016,0.027480182422856193,-0.5979215768826838
0.054345142256567266,0.06216727652118804,-0.17139013223140498
0.05063818912429857,0.07183198174499204,-0.19993616390379906
0.04566478227811349,0.07072240711425377,-0.2733959223227512
0.048064007724646036,0.059405361450013246,-0.2850919826420851
0.05707359627662372,0.09431808688589056,-0.08403906382204222
0.05190493410854896,0.02191214066485519,-0.5976169143736
0.05295668973114628,0.03358762707255414,-0.3585638914841597
0.0438794757329799,0.09908638996500184,-0.21315262645535932
0.0423223745084675,0.0992472214723121,-0.2284963261954803
0.055495331616549515,0.06608679554573471,-0.14382099033494333
0.052400758774402756,0.02525313695243882,-0.4989178670882104
0.05523685098156634,0.07464050383678007,-0.1308022925432444
0.04855010351510817,0.048713851830907394,-0.3376841671644388
0.0565103160529294,0.04042042357321036,-0.21003451217412153
0.04170445324826592,0.11324824387296957,-0.20570338183667267
0.059872286394397484,0.016004780237585094,-0.32038638016164483
0.05045748222024341,0.034050380931064765,-0.42708825517100735
0.05178944650321669,0.0566126063573492,-0.23335003185325653
0.048031418663385644,0.04661792878679965,-0.363992604952865
0.05429497315122236,0.02641748721878715,-0.4052250223543071
0.056170734819023,0.04068928707696755,-0.216992378467473
0.06558140792214938,0.11924869547145683,0.004875591467485207
0.050581500836037845,0.05480463524134614,-0.26308904530550437
0.05535912065438719,0.039467457002446374,-0.2442741457858617
0.06671499854705099,0.12542791769370293,0.013673180409795515
0.06610534869250942,0.11929736621839393,0.009265491163366422
0.040386725422475046,0.11416536331308645,-0.21559318748914807
0.05961160582435145,0.03005877310653814,-0.1792619464723432
0.05227167754289712,0.059938383743593816,-0.2123567847867316
0.0501187720120687,0.05654573679811833,-0.2631715285815589
0.05004604801219181,0.02672771636493091,-0.5594923181476542
0.05626500036302942,0.05711158645998995,-0.15294619145433766
0.04847918338818349,0.041638385137125936,-0.3967689082419793
0.055309955373100836,0.06883004125362065,-0.1407821999000973
0.05544618696637635,0.0634700830604654,-0.15052466568417944
0.06088817205617754,0.06675913223196349,-0.061591992081852856
0.04385927826584506,0.09499961894317878,-0.22253480560590078
0.04739269785840569,0.08829229772419211,-0.19942059041883906
0.050376458484811926,0.07057677921185576,-0.20720046562753258
0.05182873423946553,0.07999060404050422,-0.1646601612592529
0.047124357256483874,0.032223321988584325,-0.5547423927877109
0.048392983753717395,0.0879578336246506,-0.188806562894114
0.054333389321677694,0.07964402540820203,-0.13392857309324072
0.05895104774959788,0.04599988095491797,-0.1314993022771162
0.05145495435381492,0.030183304688772165,-0.44875953066940616
0.05345496431726366,0.08638275886691797,-0.13364976801126163
